,city,state,country,date,latitude,longitude,locationName,isBusinessWarehouse,Year,Services
0,SEATTLE,WA,US,9/15/83,47.565,-122.329,Seattle,FALSE,1983,"Gas, Tires, Food, Hearing, Pharmacy, Optical, Photo Center, Ship to Warehouse, Warehouse Pickup"
1,PORTLAND,OR,US,10/27/83,45.556,-122.521,Portland,FALSE,1983,"Gas, Tires, Food, Hearing, Pharmacy, Optical, Photo Center, Ship to Warehouse, Warehouse Pickup"
2,TUKWILA,WA,US,8/30/84,47.445,-122.251,Tukwila,FALSE,1984,"Gas, Tires, Food, Hearing, Pharmacy, Optical, Photo Center, Ship to Warehouse, Warehouse Pickup"
3,KIRKLAND,WA,US,8/29/85,47.681,-122.183,Kirkland,FALSE,1985,"Gas, Tires, Food, Hearing, Pharmacy, Optical, Photo Center, Ship to Warehouse, Warehouse Pickup"
4,ALOHA,OR,US,10/29/85,45.508,-122.841,Aloha,FALSE,1985,"Gas, Tires, Food, Hearing, Pharmacy, Optical, Photo Center, Ship to Warehouse, Warehouse Pickup"
5,ANCHORAGE,AK,US,10/25/84,61.145,-149.885,Anchorage,FALSE,1984,"Gas, Tires, Food, Hearing, Pharmacy, Optical, Photo Center, Ship to Warehouse, Warehouse Pickup"
6,SILVERDALE,WA,US,11/25/86,47.654,-122.682,Silverdale,FALSE,1986,"Gas, Tires, Food, Hearing, Pharmacy, Optical, Photo Center, Ship to Warehouse, Warehouse Pickup"
7,EUGENE,OR,US,11/9/89,44.09,-123.068,Eugene,FALSE,1989,"Gas, Tires, Food, Hearing, Pharmacy, Optical, Photo Center, Ship to Warehouse, Warehouse Pickup"
8,DANVILLE,CA,US,3/16/89,37.782,-121.975,Danville,FALSE,1989,"Tires, Food, Hearing, Pharmacy, Optical, Photo Center, Ship to Warehouse, Warehouse Pickup"
9,RENO,NV,US,11/8/88,39.507,-119.786,Reno,FALSE,1988,"Gas, Tires, Food, Hearing, Pharmacy, Optical, Photo Center, Ship to Warehouse, Warehouse Pickup"
10,LAGUNA NIGUEL,CA,US,3/1/90,33.556,-117.677,Laguna Niguel,FALSE,1990,"Gas, Tires, Food, Pharmacy, Optical, Photo Center, Ship to Warehouse, Warehouse Pickup"
11,ROSEVILLE,CA,US,11/10/95,38.782,-121.266,Roseville CA,FALSE,1995,"Gas, Tires, Food, Hearing, Pharmacy, Optical, Photo Center, Ship to Warehouse, Warehouse Pickup"
12,FRESNO,CA,US,9/12/85,36.809,-119.874,Fresno,FALSE,1985,"Gas, Tires, Food, Hearing, Pharmacy, Optical, Ship to Warehouse, Warehouse Pickup"
13,STOCKTON,CA,US,10/23/86,38.021,-121.292,Stockton,FALSE,1986,"Gas, Tires, Food, Hearing, Pharmacy, Optical, Ship to Warehouse, Warehouse Pickup"
14,SANTA ROSA,CA,US,11/11/86,38.42,-122.712,Santa Rosa,FALSE,1986,"Gas, Tires, Food, Hearing, Pharmacy, Optical, Photo Center, Ship to Warehouse, Warehouse Pickup"
15,VAN NUYS,CA,US,11/9/89,34.182,-118.464,Van Nuys,FALSE,1989,"Gas, Tires, Food, Hearing, Pharmacy, Optical, Photo Center, Ship to Warehouse, Warehouse Pickup"
22,FEDERAL WAY,WA,US,3/9/89,47.287,-122.314,Federal Way,FALSE,1989,"Gas, Tires, Food, Hearing, Pharmacy, Optical, Photo Center, Ship to Warehouse, Warehouse Pickup"
23,ANCHORAGE,AK,US,11/5/92,61.21,-149.804,NE Anchorage,FALSE,1992,"Gas, Tires, Food, Hearing, Pharmacy, Optical, Photo Center, Ship to Warehouse, Warehouse Pickup"
24,TUMWATER,WA,US,11/14/91,46.997,-122.918,Tumwater,FALSE,1991,"Gas, Tires, Food, Hearing, Pharmacy, Optical, Photo Center, Ship to Warehouse, Warehouse Pickup"
25,MISSOULA,MT,US,11/27/91,46.895,-114.039,Missoula,FALSE,1991,"Gas, Tires, Food, Hearing, Pharmacy, Optical, Ship to Warehouse, Warehouse Pickup"
26,SALEM,OR,US,3/26/92,44.92,-122.997,Salem,FALSE,1992,"Gas, Tires, Food, Hearing, Pharmacy, Optical, Photo Center, Ship to Warehouse, Warehouse Pickup"
27,BILLINGS,MT,US,12/5/91,45.755,-108.569,Billings,FALSE,1991,"Gas, Tires, Food, Hearing, Pharmacy, Optical, Photo Center, Ship to Warehouse, Warehouse Pickup"
28,POMPANO BEACH,FL,US,11/29/88,26.274,-80.148,Pompano,FALSE,1988,"Gas, Tires, Food, Hearing, Pharmacy, Optical, Ship to Warehouse, Warehouse Pickup"
29,DAVIE,FL,US,8/17/89,26.097,-80.251,Davie,FALSE,1989,"Gas, Tires, Food, Hearing, Pharmacy, Optical, Photo Center, Ship to Warehouse, Warehouse Pickup"
30,PALM BEACH GARDENS,FL,US,5/18/89,26.808,-80.087,Palm Beach Gardens,FALSE,1989,"Tires, Food, Hearing, Pharmacy, Optical, Photo Center, Ship to Warehouse, Warehouse Pickup"
31,TACOMA,WA,US,5/24/84,47.225,-122.467,Tacoma,FALSE,1984,"Gas, Tires, Food, Hearing, Pharmacy, Optical, Photo Center, Ship to Warehouse, Warehouse Pickup"
32,BOZEMAN,MT,US,8/28/97,45.713,-111.071,Bozeman,FALSE,1997,"Gas, Tires, Food, Hearing, Pharmacy, Optical, Photo Center, Ship to Warehouse, Warehouse Pickup"
33,CLACKAMAS,OR,US,11/24/86,45.428,-122.575,Clackamas,FALSE,1986,"Gas, Tires, Food, Hearing, Pharmacy, Optical, Photo Center, Ship to Warehouse, Warehouse Pickup"
34,BEND,OR,US,8/17/93,44.055,-121.27,Bend,FALSE,1993,"Tires, Food, Hearing, Pharmacy, Optical, Photo Center, Ship to Warehouse, Warehouse Pickup"
35,CLARKSTON,WA,US,7/29/93,46.423,-117.044,Clarkston,FALSE,1993,"Gas, Tires, Food, Hearing, Pharmacy, Optical, Photo Center, Ship to Warehouse, Warehouse Pickup"
36,SHORELINE,WA,US,6/30/94,47.776,-122.344,Aurora Village,FALSE,1994,"Gas, Tires, Food, Hearing, Pharmacy, Optical, Photo Center, Ship to Warehouse, Warehouse Pickup"
37,JUNEAU,AK,US,11/4/93,58.358,-134.483,Juneau,FALSE,1993,"Tires, Food, Hearing, Pharmacy, Optical, Ship to Warehouse, Warehouse Pickup"
38,ISSAQUAH,WA,US,9/9/94,47.551,-122.05,Issaquah,FALSE,1994,"Gas, Tires, Food, Hearing, Pharmacy, Optical, Photo Center, Ship to Warehouse, Warehouse Pickup"
39,TIGARD,OR,US,11/3/86,45.436,-122.756,Tigard,FALSE,1986,"Gas, Tires, Food, Hearing, Pharmacy, Optical, Photo Center, Ship to Warehouse, Warehouse Pickup"
40,EAST WENATCHEE,WA,US,6/23/95,47.402,-120.282,Wenatchee,FALSE,1995,"Gas, Tires, Food, Hearing, Pharmacy, Optical, Photo Center, Ship to Warehouse, Warehouse Pickup"
41,SALT LAKE CITY,UT,US,12/2/95,40.731,-111.9,Salt Lake City,FALSE,1995,"Gas, Tires, Food, Hearing, Pharmacy, Optical, Photo Center, Ship to Warehouse, Warehouse Pickup"
42,EVERETT,WA,US,11/1/84,47.905,-122.207,Everett WA,FALSE,1984,"Gas, Tires, Food, Hearing, Pharmacy, Optical, Photo Center, Ship to Warehouse, Warehouse Pickup"
43,LYNNWOOD,WA,US,10/3/96,47.826,-122.311,Lynnwood Business Center,TRUE,1996,"Gas, Business, Ship to Warehouse"
44,ALBUQUERQUE,NM,US,12/1/84,35.137,-106.616,Albuquerque,FALSE,1984,"Gas, Tires, Food, Hearing, Pharmacy, Optical, Photo Center, Ship to Warehouse, Warehouse Pickup"
45,WESTLAKE VILLAGE,CA,US,8/8/96,34.153,-118.797,Westlake Village,FALSE,1996,"Tires, Food, Hearing, Pharmacy, Optical, Photo Center, Ship to Warehouse, Warehouse Pickup"
46,SAN LEANDRO,CA,US,5/21/87,37.718,-122.181,San Leandro,FALSE,1987,"Gas, Tires, Food, Hearing, Pharmacy, Optical, Photo Center, Ship to Warehouse, Warehouse Pickup"
47,KAHULUI,HI,US,5/26/95,20.888,-156.451,Maui,FALSE,1995,"Gas, Tires, Food, Hearing, Pharmacy, Optical, Photo Center, Ship to Warehouse, Warehouse Pickup"
48,HONOLULU (OAHU),HI,US,9/3/92,21.284,-157.71,Hawaii Kai,FALSE,1992,"Tires, Food, Hearing, Pharmacy, Optical, Photo Center, Ship to Warehouse, Warehouse Pickup"
49,EL CENTRO,CA,US,5/14/92,32.812,-115.57,El Centro,FALSE,1992,"Gas, Tires, Food, Hearing, Pharmacy, Optical, Photo Center, Ship to Warehouse, Warehouse Pickup"
50,TUSTIN,CA,US,10/1/92,33.727,-117.796,Tustin Ranch,FALSE,1992,"Tires, Food, Pharmacy, Optical, Photo Center, Ship to Warehouse, Warehouse Pickup"
51,VISTA,CA,US,11/24/93,33.187,-117.276,Vista,FALSE,1993,"Gas, Tires, Food, Hearing, Pharmacy, Optical, Photo Center, Ship to Warehouse, Warehouse Pickup"
52,EUREKA,CA,US,11/3/94,40.792,-124.179,Eureka,FALSE,1994,"Gas, Tires, Food, Hearing, Pharmacy, Optical, Photo Center, Ship to Warehouse, Warehouse Pickup"
53,GARDEN GROVE,CA,US,6/25/87,33.774,-117.941,Garden Grove,FALSE,1987,"Gas, Tires, Food, Hearing, Pharmacy, Optical, Ship to Warehouse, Warehouse Pickup"
54,CARSON CITY,NV,US,11/10/00,39.116,-119.776,Carson City,FALSE,2000,"Gas, Tires, Food, Hearing, Pharmacy, Optical, Ship to Warehouse, Warehouse Pickup"
55,SIMI VALLEY,CA,US,5/1/96,34.283,-118.797,Simi Valley,FALSE,1996,"Gas, Tires, Food, Hearing, Pharmacy, Optical, Photo Center, Ship to Warehouse, Warehouse Pickup"
56,SANTA CLARA,CA,US,12/6/85,37.358,-121.937,Santa Clara,FALSE,1985,"Gas, Tires, Food, Hearing, Pharmacy, Optical, Photo Center, Ship to Warehouse, Warehouse Pickup"
57,LOS ANGELES,CA,US,11/15/96,34.126,-118.263,Los Feliz,FALSE,1996,"Tires, Food, Hearing, Pharmacy, Optical, Photo Center, Ship to Warehouse, Warehouse Pickup"
58,SAND CITY,CA,US,11/16/89,36.617,-121.847,Sand City,FALSE,1989,"Tires, Food, Hearing, Pharmacy, Optical, Photo Center, Ship to Warehouse, Warehouse Pickup"
59,VALLEJO,CA,US,12/7/89,38.132,-122.215,Vallejo,FALSE,1989,"Gas, Tires, Food, Hearing, Pharmacy, Optical, Photo Center, Ship to Warehouse, Warehouse Pickup"
60,REDDING,CA,US,4/5/90,40.586,-122.347,Redding,FALSE,1990,"Tires, Food, Hearing, Pharmacy, Optical, Photo Center, Ship to Warehouse, Warehouse Pickup"
61,KAILUA KONA,HI,US,11/22/93,19.687,-156.02,Kona,FALSE,1993,"Gas, Tires, Food, Hearing, Pharmacy, Optical, Ship to Warehouse, Warehouse Pickup"
62,NOVATO,CA,US,3/11/92,38.086,-122.552,Novato,FALSE,1992,"Tires, Food, Hearing, Pharmacy, Optical, Photo Center, Ship to Warehouse, Warehouse Pickup"
63,MERCED,CA,US,12/2/93,37.302,-120.494,Merced,FALSE,1993,"Gas, Tires, Food, Hearing, Pharmacy, Optical, Photo Center, Ship to Warehouse, Warehouse Pickup"
64,MOUNTAIN VIEW,CA,US,12/9/92,37.42,-122.093,Mountain View,FALSE,1992,"Tires, Food, Hearing, Pharmacy, Optical, Photo Center, Ship to Warehouse, Warehouse Pickup"
65,SAN FRANCISCO,CA,US,11/18/93,37.771,-122.411,San Francisco,FALSE,1993,"Tires, Food, Hearing, Pharmacy, Optical, Photo Center, Ship to Warehouse, Warehouse Pickup"
66,TWIN FALLS,ID,US,7/20/93,42.593,-114.464,Twin Falls,FALSE,1993,"Gas, Tires, Food, Hearing, Pharmacy, Optical, Photo Center, Ship to Warehouse, Warehouse Pickup"
67,LIVERMORE,CA,US,11/17/93,37.702,-121.811,Livermore,FALSE,1993,"Gas, Tires, Food, Hearing, Pharmacy, Optical, Photo Center, Ship to Warehouse, Warehouse Pickup"
68,FOSTER CITY,CA,US,8/4/94,37.561,-122.275,Foster City,FALSE,1994,"Tires, Food, Hearing, Pharmacy, Optical, Ship to Warehouse, Warehouse Pickup"
69,SAN JOSE,CA,US,11/28/86,37.311,-121.851,San Jose,FALSE,1986,"Gas, Tires, Food, Hearing, Pharmacy, Optical, Ship to Warehouse, Warehouse Pickup"
70,SANTA CRUZ,CA,US,8/18/94,36.985,-122.035,Santa Cruz,FALSE,1994,"Gas, Tires, Food, Hearing, Pharmacy, Optical, Ship to Warehouse, Warehouse Pickup"
84,LANTANA,FL,US,11/15/84,26.587,-80.071,Lantana,FALSE,1984,"Gas, Tires, Food, Hearing, Pharmacy, Optical, Photo Center, Ship to Warehouse, Warehouse Pickup"
85,MIAMI LAKES,FL,US,12/12/92,25.919,-80.297,Miami Lakes,FALSE,1992,"Gas, Tires, Food, Pharmacy, Optical, Ship to Warehouse, Warehouse Pickup"
86,ALTAMONTE SPRINGS,FL,US,6/20/85,28.662,-81.415,Altamonte Springs,FALSE,1985,"Gas, Tires, Food, Hearing, Pharmacy, Optical, Ship to Warehouse, Warehouse Pickup"
87,WINTER PARK,FL,US,12/8/99,28.597,-81.301,E Orlando,FALSE,1999,"Gas, Tires, Food, Hearing, Pharmacy, Optical, Ship to Warehouse, Warehouse Pickup"
88,DULUTH,GA,US,11/13/96,33.949,-84.143,Gwinnett,FALSE,1996,"Gas, Tires, Food, Hearing, Pharmacy, Optical, Ship to Warehouse, Warehouse Pickup"
89,ATLANTA,GA,US,11/13/96,33.928,-84.352,Perimeter,FALSE,1996,"Gas, Tires, Food, Hearing, Pharmacy, Optical, Photo Center, Ship to Warehouse, Warehouse Pickup"
90,KENNESAW,GA,US,9/13/97,34.005,-84.569,Town Center,FALSE,1997,"Gas, Tires, Food, Hearing, Pharmacy, Optical, Ship to Warehouse, Warehouse Pickup"
91,NORFOLK,VA,US,11/19/84,36.852,-76.201,Norfolk,FALSE,1984,"Gas, Tires, Food, Hearing, Pharmacy, Optical, Ship to Warehouse, Warehouse Pickup"
92,GLEN BURNIE,MD,US,11/15/85,39.197,-76.597,Glen Burnie,FALSE,1985,"Gas, Tires, Food, Hearing, Pharmacy, Optical, Ship to Warehouse, Warehouse Pickup"
93,FAIRFAX,VA,US,11/28/86,38.851,-77.373,Fairfax,FALSE,1986,"Gas, Tires, Food, Hearing, Pharmacy, Optical, Photo Center, Ship to Warehouse, Warehouse Pickup"
94,GLEN ALLEN,VA,US,11/23/91,37.641,-77.56,W Henrico,FALSE,1991,"Gas, Tires, Food, Hearing, Pharmacy, Optical, Photo Center, Ship to Warehouse, Warehouse Pickup"
95,NESCONSET,NY,US,7/13/87,40.862,-73.133,Nesconset,FALSE,1987,"Tires, Food, Hearing, Pharmacy, Optical, Photo Center, Ship to Warehouse, Warehouse Pickup"
96,BALTIMORE,MD,US,3/12/88,39.359,-76.447,White Marsh,FALSE,1988,"Gas, Tires, Food, Hearing, Pharmacy, Optical, Ship to Warehouse, Warehouse Pickup"
97,GAITHERSBURG,MD,US,7/28/90,39.157,-77.213,Gaithersburg,FALSE,1990,"Tires, Food, Hearing, Pharmacy, Optical, Photo Center, Ship to Warehouse, Warehouse Pickup"
98,BELTSVILLE,MD,US,6/2/90,39.033,-76.91,Beltsville,FALSE,1990,"Gas, Tires, Food, Hearing, Pharmacy, Optical, Ship to Warehouse, Warehouse Pickup"
99,STERLING,VA,US,11/17/90,39.023,-77.404,Sterling,FALSE,1990,"Gas, Tires, Food, Hearing, Pharmacy, Optical, Photo Center, Ship to Warehouse, Warehouse Pickup"
100,HAZLET,NJ,US,12/7/91,40.42,-74.173,Hazlet,FALSE,1991,"Tires, Food, Hearing, Pharmacy, Optical, Photo Center, Ship to Warehouse, Warehouse Pickup"
101,MANASSAS,VA,US,6/27/92,38.787,-77.515,Manassas,FALSE,1992,"Gas, Tires, Food, Hearing, Pharmacy, Optical, Photo Center, Ship to Warehouse, Warehouse Pickup"
102,WESTBURY,NY,US,10/24/92,40.744,-73.598,Westbury,FALSE,1992,"Tires, Food, Hearing, Pharmacy, Optical, Photo Center, Ship to Warehouse, Warehouse Pickup"
103,SPRINGFIELD,VA,US,11/7/92,38.739,-77.2,Newington,FALSE,1992,"Tires, Food, Hearing, Pharmacy, Optical, Photo Center, Ship to Warehouse, Warehouse Pickup"
104,HOLBROOK,NY,US,8/14/93,40.776,-73.052,Holbrook,FALSE,1993,"Gas, Tires, Food, Hearing, Pharmacy, Optical, Photo Center, Ship to Warehouse, Warehouse Pickup"
105,ARLINGTON,VA,US,7/6/87,38.862,-77.057,Pentagon City,FALSE,1987,"Tires, Food, Hearing, Pharmacy, Optical, Photo Center, Ship to Warehouse, Warehouse Pickup"
106,MELVILLE,NY,US,9/16/89,40.759,-73.422,Melville,FALSE,1989,"Tires, Food, Hearing, Pharmacy, Optical, Photo Center, Ship to Warehouse, Warehouse Pickup"
107,HARRISONBURG,VA,US,5/4/95,38.428,-78.855,Harrisonburg,FALSE,1995,"Gas, Tires, Food, Hearing, Pharmacy, Optical, Ship to Warehouse, Warehouse Pickup"
108,WINCHESTER,VA,US,5/23/95,39.158,-78.159,Winchester,FALSE,1995,"Gas, Tires, Food, Hearing, Pharmacy, Optical, Photo Center, Ship to Warehouse, Warehouse Pickup"
109,COMMACK,NY,US,8/25/95,40.807,-73.287,Commack,FALSE,1995,"Tires, Food, Hearing, Pharmacy, Optical, Photo Center, Ship to Warehouse, Warehouse Pickup"
110,NEW ROCHELLE,NY,US,6/3/94,40.898,-73.794,New Rochelle,FALSE,1994,"Gas, Tires, Food, Hearing, Pharmacy, Optical, Ship to Warehouse, Warehouse Pickup"
111,LONG ISLAND CITY,NY,US,11/20/96,40.767,-73.937,Queens,FALSE,1996,"Tires, Food, Pharmacy, Optical, Ship to Warehouse, Warehouse Pickup"
112,EAST HANOVER,NJ,US,10/25/97,40.812,-74.38,East Hanover,FALSE,1997,"Tires, Food, Hearing, Pharmacy, Optical, Photo Center, Ship to Warehouse, Warehouse Pickup"
113,KING OF PRUSSIA,PA,US,10/11/97,40.091,-75.384,King Of Prussia,FALSE,1997,"Tires, Food, Hearing, Pharmacy, Optical, Photo Center, Ship to Warehouse, Warehouse Pickup"
114,NEWARK,DE,US,10/1/98,39.675,-75.649,Christiana,FALSE,1998,"Gas, Tires, Food, Hearing, Pharmacy, Optical, Ship to Warehouse, Warehouse Pickup"
115,NEWPORT NEWS,VA,US,9/17/88,37.106,-76.495,Newport News,FALSE,1988,"Gas, Tires, Food, Hearing, Pharmacy, Optical, Ship to Warehouse, Warehouse Pickup"
116,NORTH WALES,PA,US,7/10/99,40.238,-75.237,Montgomeryville,FALSE,1999,"Tires, Food, Hearing, Pharmacy, Optical, Ship to Warehouse, Warehouse Pickup"
117,DURHAM,NC,US,11/30/00,36.028,-78.914,Durham,FALSE,2000,"Gas, Tires, Food, Hearing, Pharmacy, Optical, Ship to Warehouse, Warehouse Pickup"
127,DANVERS,MA,US,11/29/90,42.557,-70.979,Danvers,FALSE,1990,"Gas, Tires, Food, Hearing, Pharmacy, Optical, Ship to Warehouse, Warehouse Pickup"
128,WEST SPRINGFIELD,MA,US,11/8/90,42.132,-72.622,West Springfield,FALSE,1990,"Gas, Tires, Food, Hearing, Pharmacy, Optical, Ship to Warehouse, Warehouse Pickup"
129,AVON,MA,US,9/12/91,42.135,-71.068,Avon MA,FALSE,1991,"Tires, Food, Hearing, Pharmacy, Optical, Ship to Warehouse, Warehouse Pickup"
130,BROOKFIELD,CT,US,11/21/91,41.443,-73.405,Brookfield,FALSE,1991,"Gas, Tires, Food, Hearing, Pharmacy, Optical, Photo Center, Ship to Warehouse, Warehouse Pickup"
131,NANUET,NY,US,6/30/92,41.107,-74.026,Nanuet,FALSE,1992,"Gas, Tires, Food, Hearing, Pharmacy, Optical, Photo Center, Ship to Warehouse, Warehouse Pickup"
132,CLIFTON,NJ,US,7/1/92,40.831,-74.136,Clifton,FALSE,1992,"Gas, Tires, Food, Hearing, Pharmacy, Optical, Photo Center, Ship to Warehouse, Warehouse Pickup"
133,NASHUA,NH,US,3/18/92,42.703,-71.441,Nashua,FALSE,1992,"Tires, Food, Hearing, Pharmacy, Optical, Ship to Warehouse, Warehouse Pickup"
134,WALTHAM,MA,US,11/10/93,42.396,-71.264,Waltham,FALSE,1993,"Tires, Food, Hearing, Pharmacy, Optical, Ship to Warehouse, Warehouse Pickup"
135,LAWRENCE,NY,US,8/12/93,40.631,-73.738,Lawrence,FALSE,1993,"Tires, Food, Hearing, Pharmacy, Optical, Photo Center, Ship to Warehouse, Warehouse Pickup"
136,MILFORD,CT,US,4/22/93,41.249,-73.024,Milford,FALSE,1993,"Gas, Tires, Food, Hearing, Pharmacy, Optical, Ship to Warehouse, Warehouse Pickup"
137,WATERBURY,CT,US,10/13/93,41.543,-72.971,Waterbury,FALSE,1993,"Gas, Tires, Food, Hearing, Pharmacy, Optical, Photo Center, Ship to Warehouse, Warehouse Pickup"
138,COLCHESTER,VT,US,8/25/93,44.506,-73.177,Colchester,FALSE,1993,"Tires, Food, Hearing, Pharmacy, Optical, Photo Center, Ship to Warehouse, Warehouse Pickup"
139,WHARTON,NJ,US,11/9/93,40.907,-74.571,Wharton,FALSE,1993,"Gas, Tires, Food, Hearing, Pharmacy, Optical, Photo Center, Ship to Warehouse, Warehouse Pickup"
140,STATEN ISLAND,NY,US,12/15/95,40.573,-74.17,Staten Island,FALSE,1995,"Gas, Tires, Food, Hearing, Pharmacy, Optical, Photo Center, Ship to Warehouse, Warehouse Pickup"
141,LANCASTER,PA,US,5/24/96,40.052,-76.256,Lancaster PA,FALSE,1996,"Gas, Tires, Food, Hearing, Pharmacy, Optical, Photo Center, Ship to Warehouse, Warehouse Pickup"
142,BROOKLYN,NY,US,11/21/96,40.655,-74.007,Brooklyn,FALSE,1996,"Food, Hearing, Pharmacy, Optical, Ship to Warehouse, Warehouse Pickup"
143,DEDHAM,MA,US,3/17/98,42.231,-71.175,Dedham,FALSE,1998,"Gas, Tires, Food, Hearing, Pharmacy, Optical, Photo Center, Ship to Warehouse, Warehouse Pickup"
144,UNION,NJ,US,11/19/98,40.694,-74.29,Union,FALSE,1998,"Gas, Tires, Food, Hearing, Pharmacy, Optical, Photo Center, Ship to Warehouse, Warehouse Pickup"
145,YONKERS,NY,US,10/29/99,40.973,-73.863,Yonkers,FALSE,1999,"Tires, Food, Hearing, Pharmacy, Optical, Photo Center, Ship to Warehouse, Warehouse Pickup"
146,BRIDGEWATER,NJ,US,8/24/99,40.564,-74.556,Bridgewater,FALSE,1999,"Tires, Food, Hearing, Pharmacy, Optical, Photo Center, Ship to Warehouse, Warehouse Pickup"
147,EDISON,NJ,US,10/24/87,40.529,-74.377,Edison,FALSE,1987,"Gas, Tires, Food, Hearing, Pharmacy, Optical, Photo Center, Ship to Warehouse, Warehouse Pickup"
148,NORWALK,CT,US,5/9/01,41.092,-73.452,Norwalk CT,FALSE,2001,"Tires, Food, Hearing, Pharmacy, Optical, Photo Center, Ship to Warehouse, Warehouse Pickup"
149,HANOVER,MD,US,12/1/01,39.155,-76.73,Arundel Mills,FALSE,2001,"Gas, Tires, Food, Hearing, Pharmacy, Optical, Ship to Warehouse, Warehouse Pickup"
150,PORT CHESTER,NY,US,8/29/02,41.009,-73.691,Port Chester,FALSE,2002,"Tires, Food, Hearing, Pharmacy, Optical, Ship to Warehouse, Warehouse Pickup"
151,HARRISBURG,PA,US,8/28/01,40.313,-76.8,Harrisburg,FALSE,2001,"Gas, Tires, Food, Hearing, Pharmacy, Optical, Photo Center, Ship to Warehouse, Warehouse Pickup"
152,CRANBERRY TOWNSHIP,PA,US,11/28/01,40.692,-80.11,Cranberry Township,FALSE,2001,"Gas, Tires, Food, Hearing, Pharmacy, Optical, Photo Center, Ship to Warehouse, Warehouse Pickup"
153,OCEAN,NJ,US,3/20/03,40.234,-74.048,Ocean Township,FALSE,2003,"Gas, Tires, Food, Hearing, Pharmacy, Optical, Photo Center, Ship to Warehouse, Warehouse Pickup"
154,FREDERICK,MD,US,12/1/01,39.402,-77.411,Frederick,FALSE,2001,"Gas, Tires, Food, Hearing, Pharmacy, Optical, Photo Center, Ship to Warehouse, Warehouse Pickup"
155,PITTSBURGH,PA,US,7/9/02,40.458,-80.167,Robinson,FALSE,2002,"Gas, Tires, Food, Hearing, Pharmacy, Optical, Photo Center, Ship to Warehouse, Warehouse Pickup"
156,EVERETT,MA,US,11/21/02,42.402,-71.07,Everett MA,FALSE,2002,"Tires, Food, Hearing, Pharmacy, Optical, Ship to Warehouse, Warehouse Pickup"
157,CHANTILLY,VA,US,10/9/03,38.898,-77.445,Chantilly,FALSE,2003,"Gas, Tires, Food, Hearing, Pharmacy, Optical, Photo Center, Ship to Warehouse, Warehouse Pickup"
158,CLEARWATER,FL,US,5/15/03,27.96,-82.728,Clearwater,FALSE,2003,"Gas, Tires, Food, Hearing, Pharmacy, Optical, Ship to Warehouse, Warehouse Pickup"
159,LEESBURG,VA,US,7/28/04,39.115,-77.533,Leesburg,FALSE,2004,"Gas, Tires, Food, Hearing, Pharmacy, Optical, Photo Center, Ship to Warehouse, Warehouse Pickup"
160,MYRTLE BEACH,SC,US,3/18/04,33.706,-78.916,Myrtle Beach,FALSE,2004,"Gas, Tires, Food, Hearing, Pharmacy, Optical, Ship to Warehouse, Warehouse Pickup"
161,GREENSBORO,NC,US,11/21/03,36.058,-79.884,Greensboro,FALSE,2003,"Gas, Tires, Food, Hearing, Pharmacy, Optical, Ship to Warehouse, Warehouse Pickup"
162,FREDERICKSBURG,VA,US,7/10/02,38.295,-77.517,Fredericksburg,FALSE,2002,"Gas, Tires, Food, Hearing, Pharmacy, Optical, Ship to Warehouse, Warehouse Pickup"
163,COMMERCE TOWNSHIP,MI,US,9/25/03,42.535,-83.445,Commerce Township,FALSE,2003,"Gas, Tires, Food, Hearing, Pharmacy, Optical, Photo Center, Ship to Warehouse, Warehouse Pickup"
164,NAPERVILLE,IL,US,7/1/03,41.727,-88.206,Naperville,FALSE,2003,"Gas, Tires, Food, Hearing, Pharmacy, Optical, Photo Center, Ship to Warehouse, Warehouse Pickup"
165,AVON,OH,US,12/10/02,41.458,-82.016,Avon OH,FALSE,2002,"Gas, Tires, Food, Hearing, Pharmacy, Optical, Photo Center, Ship to Warehouse, Warehouse Pickup"
166,CLEVELAND,OH,US,10/22/02,41.525,-81.447,Mayfield Heights,FALSE,2002,"Gas, Tires, Food, Hearing, Pharmacy, Optical, Photo Center, Ship to Warehouse, Warehouse Pickup"
167,BOCA RATON,FL,US,8/30/90,26.412,-80.102,Boca Raton,FALSE,1990,"Gas, Tires, Food, Hearing, Pharmacy, Optical, Ship to Warehouse, Warehouse Pickup"
168,INDIANAPOLIS,IN,US,10/3/02,39.914,-86.062,Castleton,FALSE,2002,"Gas, Tires, Food, Hearing, Pharmacy, Optical, Photo Center, Ship to Warehouse, Warehouse Pickup"
169,INDIANAPOLIS,IN,US,10/3/02,39.916,-86.225,Fortune Park,FALSE,2002,"Gas, Tires, Food, Hearing, Pharmacy, Optical, Photo Center, Ship to Warehouse, Warehouse Pickup"
170,GLENVIEW,IL,US,10/17/02,42.107,-87.822,Glenview,FALSE,2002,"Gas, Tires, Food, Hearing, Pharmacy, Optical, Photo Center, Ship to Warehouse, Warehouse Pickup"
171,LENEXA,KS,US,11/27/01,38.959,-94.731,Lenexa,FALSE,2001,"Gas, Tires, Food, Hearing, Pharmacy, Optical, Photo Center, Ship to Warehouse, Warehouse Pickup"
172,FORT MYERS,FL,US,9/30/99,26.546,-81.875,Fort Myers,FALSE,1999,"Gas, Tires, Food, Hearing, Pharmacy, Optical, Ship to Warehouse, Warehouse Pickup"
173,CORDOVA,TN,US,11/18/99,35.192,-89.793,NE Memphis,FALSE,1999,"Gas, Tires, Food, Hearing, Pharmacy, Optical, Ship to Warehouse, Warehouse Pickup"
174,MEMPHIS,TN,US,11/18/99,35.046,-89.796,SE Memphis,FALSE,1999,"Gas, Tires, Food, Hearing, Pharmacy, Optical, Ship to Warehouse, Warehouse Pickup"
175,NAPLES,FL,US,12/7/99,26.219,-81.773,Naples,FALSE,1999,"Gas, Tires, Food, Hearing, Pharmacy, Optical, Ship to Warehouse, Warehouse Pickup"
176,HUNTSVILLE,AL,US,11/2/00,34.742,-86.601,Huntsville,FALSE,2000,"Gas, Tires, Food, Hearing, Pharmacy, Optical, Ship to Warehouse, Warehouse Pickup"
177,JACKSONVILLE,FL,US,11/29/00,30.252,-81.536,E Jacksonville,FALSE,2000,"Tires, Food, Hearing, Pharmacy, Optical, Photo Center, Ship to Warehouse, Warehouse Pickup"
178,BRANDON,FL,US,11/28/00,27.923000000000002,-82.332,Brandon,FALSE,2000,"Gas, Tires, Food, Hearing, Pharmacy, Optical, Photo Center, Ship to Warehouse, Warehouse Pickup"
179,CHARLOTTE,NC,US,6/21/01,35.162,-80.885,Charlotte,FALSE,2001,"Gas, Tires, Food, Hearing, Pharmacy, Optical, Ship to Warehouse, Warehouse Pickup"
180,CHARLESTON,SC,US,4/18/01,32.795,-80.037,Charleston,FALSE,2001,"Gas, Tires, Food, Hearing, Pharmacy, Optical, Photo Center, Ship to Warehouse, Warehouse Pickup"
181,WINSTON SALEM,NC,US,9/28/01,36.065,-80.318,Winston Salem,FALSE,2001,"Gas, Tires, Food, Hearing, Pharmacy, Optical, Ship to Warehouse, Warehouse Pickup"
182,HOOVER,AL,US,11/20/03,33.379,-86.811,Hoover,FALSE,2003,"Gas, Tires, Food, Hearing, Pharmacy, Optical, Ship to Warehouse, Warehouse Pickup"
183,BUFORD,GA,US,5/3/06,34.062,-83.995,Mall Of Georgia,FALSE,2006,"Gas, Tires, Food, Hearing, Pharmacy, Optical, Photo Center, Ship to Warehouse, Warehouse Pickup"
184,MATTHEWS,NC,US,11/29/01,35.127,-80.704,Matthews,FALSE,2001,"Gas, Tires, Food, Hearing, Pharmacy, Optical, Photo Center, Ship to Warehouse, Warehouse Pickup"
185,SAINT LOUIS,MO,US,9/20/02,38.508,-90.339,S St Louis,FALSE,2002,"Gas, Tires, Food, Hearing, Pharmacy, Optical, Ship to Warehouse, Warehouse Pickup"
186,OVERLAND PARK,KS,US,2/21/02,38.907,-94.671,Overland Park,FALSE,2002,"Gas, Tires, Food, Hearing, Pharmacy, Optical, Photo Center, Ship to Warehouse, Warehouse Pickup"
187,MERRILLVILLE,IN,US,10/24/01,41.474,-87.322,Merrillville,FALSE,2001,"Gas, Tires, Food, Hearing, Pharmacy, Optical, Photo Center, Ship to Warehouse, Warehouse Pickup"
188,BLOOMINGDALE,IL,US,12/7/01,41.94,-88.13,Bloomingdale,FALSE,2001,"Gas, Tires, Food, Hearing, Pharmacy, Optical, Photo Center, Ship to Warehouse, Warehouse Pickup"
189,MINNEAPOLIS,MN,US,10/23/01,45.199,-93.35,Coon Rapids,FALSE,2001,"Gas, Tires, Food, Hearing, Pharmacy, Optical, Photo Center, Ship to Warehouse, Warehouse Pickup"
190,INDEPENDENCE,MO,US,10/18/01,39.036,-94.356,Independence,FALSE,2001,"Gas, Tires, Food, Hearing, Pharmacy, Optical, Photo Center, Ship to Warehouse, Warehouse Pickup"
191,SHELBY TOWNSHIP,MI,US,10/17/01,42.629,-82.981,Lakeside,FALSE,2001,"Gas, Tires, Food, Hearing, Pharmacy, Optical, Photo Center, Ship to Warehouse, Warehouse Pickup"
192,KANSAS CITY,MO,US,1/12/01,39.068,-94.583,Kansas City,FALSE,2001,"Gas, Tires, Food, Hearing, Pharmacy, Optical, Ship to Warehouse, Warehouse Pickup"
193,AUBURN HILLS,MI,US,11/22/00,42.707,-83.296,Auburn Hills,FALSE,2000,"Gas, Tires, Food, Hearing, Pharmacy, Optical, Photo Center, Ship to Warehouse, Warehouse Pickup"
194,SAINT LOUIS PARK,MN,US,11/16/00,44.968,-93.35,St Louis Park,FALSE,2000,"Gas, Tires, Food, Hearing, Pharmacy, Optical, Photo Center, Ship to Warehouse, Warehouse Pickup"
195,LAKE ZURICH,IL,US,2/21/01,42.185,-88.092,Lake Zurich,FALSE,2001,"Gas, Tires, Food, Hearing, Pharmacy, Optical, Photo Center, Ship to Warehouse, Warehouse Pickup"
196,SPRINGDALE,OH,US,12/6/00,39.286,-84.452,Springdale,FALSE,2000,"Gas, Tires, Food, Hearing, Pharmacy, Optical, Ship to Warehouse, Warehouse Pickup"
197,CHICAGO,IL,US,5/2/01,41.931,-87.677,Lincoln Park,FALSE,2001,"Gas, Tires, Food, Hearing, Pharmacy, Optical, Photo Center, Ship to Warehouse, Warehouse Pickup"
198,SAINT PETERS,MO,US,5/8/01,38.796,-90.609,St Peters,FALSE,2001,"Gas, Tires, Food, Hearing, Pharmacy, Optical, Photo Center, Ship to Warehouse, Warehouse Pickup"
199,NILES,IL,US,6/1/00,42.012,-87.782,Niles,FALSE,2000,"Gas, Tires, Food, Hearing, Pharmacy, Optical, Photo Center, Ship to Warehouse, Warehouse Pickup"
200,CINCINNATI,OH,US,2/16/00,39.297,-84.302,Deerfield,FALSE,2000,"Gas, Tires, Food, Hearing, Pharmacy, Optical, Photo Center, Ship to Warehouse, Warehouse Pickup"
201,BRENTWOOD,TN,US,8/27/99,35.963,-86.819,Brentwood,FALSE,1999,"Gas, Tires, Food, Hearing, Pharmacy, Optical, Photo Center, Ship to Warehouse, Warehouse Pickup"
202,SCHAUMBURG,IL,US,11/17/98,42.055,-88.045,Schaumburg,FALSE,1998,"Gas, Tires, Food, Hearing, Pharmacy, Optical, Photo Center, Ship to Warehouse, Warehouse Pickup"
203,OAK BROOK,IL,US,11/17/98,41.846,-87.963,Oak Brook,FALSE,1998,"Gas, Tires, Food, Hearing, Pharmacy, Optical, Photo Center, Ship to Warehouse, Warehouse Pickup"
204,LIVONIA,MI,US,5/1/98,42.382,-83.334,Middlebelt,FALSE,1998,"Gas, Tires, Food, Hearing, Pharmacy, Optical, Ship to Warehouse, Warehouse Pickup"
205,LIVONIA,MI,US,5/1/98,42.418,-83.433,Haggerty,FALSE,1998,"Gas, Tires, Food, Hearing, Pharmacy, Optical, Photo Center, Ship to Warehouse, Warehouse Pickup"
206,MADISON HEIGHTS,MI,US,5/1/98,42.517,-83.119,Madison Heights,FALSE,1998,"Gas, Tires, Food, Hearing, Pharmacy, Optical, Photo Center, Ship to Warehouse, Warehouse Pickup"
207,ROSEVILLE,MI,US,5/1/98,42.496,-82.937,Roseville MI,FALSE,1998,"Gas, Tires, Food, Hearing, Pharmacy, Optical, Photo Center, Ship to Warehouse, Warehouse Pickup"
208,SAN DIEGO,CA,US,7/1/76,32.822,-117.225,Morena,FALSE,1976,"Gas, Tires, Food, Hearing, Pharmacy, Optical, Photo Center, Ship to Warehouse, Warehouse Pickup"
209,SANTEE,CA,US,9/1/79,32.841,-116.989,Santee,FALSE,1979,"Gas, Tires, Food, Hearing, Pharmacy, Optical, Photo Center, Ship to Warehouse, Warehouse Pickup"
210,TUCSON,AZ,US,5/1/82,32.252,-110.859,Tucson,FALSE,1982,"Gas, Tires, Food, Hearing, Pharmacy, Optical, Photo Center, Ship to Warehouse, Warehouse Pickup"
211,NORWALK,CA,US,4/17/83,33.922,-118.104,Norwalk CA,FALSE,1983,"Gas, Tires, Food, Hearing, Pharmacy, Optical, Photo Center, Ship to Warehouse, Warehouse Pickup"
212,FOUNTAIN VALLEY,CA,US,8/15/83,33.704,-117.935,Fountain Valley,FALSE,1983,"Gas, Tires, Food, Hearing, Pharmacy, Optical, Photo Center, Ship to Warehouse, Warehouse Pickup"
213,AZUSA,CA,US,10/1/83,34.134,-117.926,Azusa,FALSE,1983,"Gas, Tires, Food, Hearing, Pharmacy, Optical, Photo Center, Ship to Warehouse, Warehouse Pickup"
214,FULLERTON,CA,US,11/1/84,33.863,-117.924,Fullerton,FALSE,1984,"Gas, Tires, Food, Hearing, Pharmacy, Optical, Photo Center, Ship to Warehouse, Warehouse Pickup"
215,OXNARD,CA,US,11/18/85,34.224,-119.15,Oxnard,FALSE,1985,"Gas, Tires, Food, Hearing, Pharmacy, Optical, Photo Center, Ship to Warehouse, Warehouse Pickup"
216,SOUTH SAN FRANCISCO,CA,US,5/18/87,37.641,-122.403,S San Francisco,FALSE,1987,"Gas, Tires, Food, Hearing, Pharmacy, Optical, Ship to Warehouse, Warehouse Pickup"
217,SUNNYVALE,CA,US,7/1/86,37.372,-121.996,Sunnyvale,FALSE,1986,"Gas, Tires, Food, Hearing, Pharmacy, Optical, Photo Center, Ship to Warehouse, Warehouse Pickup"
218,SIGNAL HILL,CA,US,11/1/86,33.804,-118.165,Signal Hill,FALSE,1986,"Gas, Tires, Food, Hearing, Pharmacy, Optical, Photo Center, Ship to Warehouse, Warehouse Pickup"
219,SCOTTSDALE,AZ,US,7/6/87,33.624,-111.902,Scottsdale,FALSE,1987,"Gas, Tires, Food, Hearing, Pharmacy, Optical, Photo Center, Ship to Warehouse, Warehouse Pickup"
220,ALHAMBRA,CA,US,8/24/87,34.088,-118.148,Alhambra,FALSE,1987,"Gas, Tires, Food, Hearing, Pharmacy, Optical, Photo Center, Ship to Warehouse, Warehouse Pickup"
221,SAN JUAN CAPISTRANO,CA,US,12/4/87,33.469,-117.676,San Juan Capistrano,FALSE,1987,"Gas, Tires, Food, Hearing, Pharmacy, Optical, Photo Center, Ship to Warehouse, Warehouse Pickup"
222,TUCSON,AZ,US,4/1/89,32.327,-111.048,NW Tucson,FALSE,1989,"Gas, Tires, Food, Hearing, Pharmacy, Optical, Photo Center, Ship to Warehouse, Warehouse Pickup"
223,CORONA,CA,US,11/1/88,33.89,-117.521,Corona,FALSE,1988,"Gas, Tires, Food, Hearing, Pharmacy, Optical, Photo Center, Ship to Warehouse, Warehouse Pickup"
224,TEMPE,AZ,US,11/1/89,33.349,-111.959,Tempe,FALSE,1989,"Gas, Tires, Food, Hearing, Pharmacy, Optical, Photo Center, Ship to Warehouse, Warehouse Pickup"
225,NORTHRIDGE,CA,US,9/23/89,34.23,-118.554,Northridge,FALSE,1989,"Gas, Tires, Food, Hearing, Pharmacy, Optical, Photo Center, Ship to Warehouse, Warehouse Pickup"
226,RANCHO CORDOVA,CA,US,6/23/90,38.59,-121.264,Rancho Cordova,FALSE,1990,"Gas, Tires, Food, Hearing, Pharmacy, Optical, Ship to Warehouse, Warehouse Pickup"
227,AURORA,CO,US,11/3/90,39.69,-104.866,Aurora,FALSE,1990,"Gas, Tires, Food, Hearing, Pharmacy, Optical, Ship to Warehouse, Warehouse Pickup"
228,WESTMINSTER,CO,US,11/3/90,39.864,-105.067,Westminster CO,FALSE,1990,"Gas, Tires, Food, Hearing, Pharmacy, Optical, Photo Center, Ship to Warehouse, Warehouse Pickup"
229,PALM DESERT,CA,US,3/9/91,33.802,-116.391,Palm Desert,FALSE,1991,"Gas, Tires, Food, Hearing, Pharmacy, Optical, Photo Center, Ship to Warehouse, Warehouse Pickup"
230,LITTLETON,CO,US,8/1/91,39.639,-105.085,SW Denver,FALSE,1991,"Gas, Tires, Food, Hearing, Pharmacy, Optical, Ship to Warehouse, Warehouse Pickup"
231,YORBA LINDA,CA,US,11/1/91,33.875,-117.743,Yorba Linda,FALSE,1991,"Gas, Tires, Food, Hearing, Pharmacy, Optical, Photo Center, Ship to Warehouse, Warehouse Pickup"
232,SANTA CLARITA,CA,US,5/1/92,34.403,-118.46,Santa Clarita,FALSE,1992,"Gas, Tires, Food, Hearing, Pharmacy, Optical, Photo Center, Ship to Warehouse, Warehouse Pickup"
233,SAN DIEGO,CA,US,10/23/92,32.988,-117.076,Carmel Mountain,FALSE,1992,"Gas, Tires, Food, Hearing, Pharmacy, Optical, Photo Center, Ship to Warehouse, Warehouse Pickup"
234,FAIRFIELD,CA,US,10/1/92,38.217,-122.144,Fairfield,FALSE,1992,"Gas, Tires, Hearing, Pharmacy, Optical, Ship to Warehouse, Warehouse Pickup"
235,IRVINE,CA,US,11/14/92,33.661,-117.744,Irvine,FALSE,1992,"Gas, Tires, Food, Hearing, Pharmacy, Optical, Photo Center, Ship to Warehouse, Warehouse Pickup"
236,MORENO VALLEY,CA,US,9/1/92,33.938,-117.279,Moreno Valley,FALSE,1992,"Gas, Tires, Food, Hearing, Pharmacy, Optical, Photo Center, Ship to Warehouse, Warehouse Pickup"
237,CHULA VISTA,CA,US,1/13/94,32.636,-117.025,Rancho Del Rey,FALSE,1994,"Gas, Tires, Food, Hearing, Pharmacy, Optical, Photo Center, Ship to Warehouse, Warehouse Pickup"
238,CARLSBAD,CA,US,10/3/92,33.122,-117.317,Carlsbad,FALSE,1992,"Gas, Tires, Food, Hearing, Pharmacy, Optical, Photo Center, Ship to Warehouse, Warehouse Pickup"
239,SACRAMENTO,CA,US,12/1/82,38.468,-121.415,Sacramento,FALSE,1982,"Gas, Tires, Food, Hearing, Pharmacy, Optical, Photo Center, Ship to Warehouse, Warehouse Pickup"
240,PHOENIX,AZ,US,12/1/94,33.473,-111.985,Thomas Road,FALSE,1994,"Gas, Tires, Food, Hearing, Pharmacy, Optical, Photo Center, Ship to Warehouse, Warehouse Pickup"
241,PRESCOTT,AZ,US,6/27/96,34.578,-112.363,Prescott,FALSE,1996,"Gas, Tires, Food, Hearing, Pharmacy, Optical, Photo Center, Ship to Warehouse, Warehouse Pickup"
242,LITTLETON,CO,US,11/20/97,39.561,-104.879,Douglas County,FALSE,1997,"Gas, Tires, Food, Hearing, Pharmacy, Optical, Photo Center, Ship to Warehouse, Warehouse Pickup"
243,LA MESA,CA,US,11/19/92,32.775,-117.022,La Mesa,FALSE,1992,"Tires, Food, Hearing, Pharmacy, Optical, Photo Center, Ship to Warehouse, Warehouse Pickup"
244,SAN JOSE,CA,US,6/1/87,37.254,-121.876,Almaden,FALSE,1987,"Tires, Food, Hearing, Pharmacy, Optical, Photo Center, Ship to Warehouse, Warehouse Pickup"
245,SACRAMENTO,CA,US,8/6/84,38.598,-121.452,Cal Expo (Sacramento),FALSE,1984,"Gas, Tires, Food, Hearing, Pharmacy, Optical, Photo Center, Ship to Warehouse, Warehouse Pickup"
246,SALINAS,CA,US,8/29/97,36.703,-121.667,Salinas,FALSE,1997,"Tires, Food, Hearing, Pharmacy, Optical, Photo Center, Ship to Warehouse, Warehouse Pickup"
247,CHINO HILLS,CA,US,11/1/85,34.014,-117.745,Chino Hills,FALSE,1985,"Gas, Tires, Food, Hearing, Pharmacy, Optical, Photo Center, Ship to Warehouse, Warehouse Pickup"
248,GOLETA,CA,US,11/24/98,34.428,-119.873,Goleta,FALSE,1998,"Tires, Food, Hearing, Pharmacy, Optical, Photo Center, Ship to Warehouse, Warehouse Pickup"
249,SOUTH SAN FRANCISCO,CA,US,10/1/87,37.665,-122.449,El Camino,FALSE,1987,"Gas, Tires, Food, Hearing, Pharmacy, Optical, Photo Center, Ship to Warehouse, Warehouse Pickup"
250,SAN BERNARDINO,CA,US,6/22/89,34.069,-117.261,San Bernardino,FALSE,1989,"Gas, Tires, Food, Hearing, Pharmacy, Optical, Photo Center, Ship to Warehouse, Warehouse Pickup"
251,MARINA DEL REY,CA,US,6/24/99,33.991,-118.446,Culver City,FALSE,1999,"Gas, Tires, Food, Hearing, Pharmacy, Optical, Photo Center, Ship to Warehouse, Warehouse Pickup"
252,SUPERIOR,CO,US,4/15/99,39.96,-105.172,Superior,FALSE,1999,"Gas, Tires, Food, Hearing, Pharmacy, Optical, Photo Center, Ship to Warehouse, Warehouse Pickup"
253,GILBERT,AZ,US,11/1/79,33.375,-111.842,Gilbert,FALSE,1979,"Gas, Tires, Food, Hearing, Pharmacy, Optical, Photo Center, Ship to Warehouse, Warehouse Pickup"
254,RICHMOND,CA,US,10/16/86,37.898,-122.321,Richmond CA,FALSE,1986,"Gas, Tires, Food, Hearing, Pharmacy, Optical, Photo Center, Ship to Warehouse, Warehouse Pickup"
255,SAN DIEGO,CA,US,11/22/99,32.712,-117.114,SE San Diego,FALSE,1999,"Gas, Tires, Food, Hearing, Pharmacy, Optical, Photo Center, Ship to Warehouse, Warehouse Pickup"
256,OREM,UT,US,11/23/99,40.282,-111.68,Orem,FALSE,1999,"Gas, Tires, Food, Hearing, Pharmacy, Optical, Photo Center, Ship to Warehouse, Warehouse Pickup"
257,WAIPAHU,HI,US,7/20/00,21.42,-158.006,Waipio,FALSE,2000,"Gas, Tires, Food, Hearing, Pharmacy, Optical, Photo Center, Ship to Warehouse, Warehouse Pickup"
258,KENNEWICK,WA,US,7/1/87,46.226,-119.235,Kennewick,FALSE,1987,"Gas, Tires, Food, Hearing, Pharmacy, Optical, Photo Center, Ship to Warehouse, Warehouse Pickup"
259,SANDY,UT,US,6/2/00,40.551,-111.894,Sandy,FALSE,2000,"Gas, Tires, Food, Hearing, Pharmacy, Optical, Photo Center, Ship to Warehouse, Warehouse Pickup"
260,SAN DIEGO,CA,US,6/29/00,32.78,-117.13,Mission Valley,FALSE,2000,"Gas, Tires, Food, Hearing, Pharmacy, Optical, Photo Center, Ship to Warehouse, Warehouse Pickup"
261,FORT WORTH,TX,US,9/21/00,32.676,-97.405,Fort Worth,FALSE,2000,"Gas, Tires, Food, Hearing, Pharmacy, Optical, Photo Center, Ship to Warehouse, Warehouse Pickup"
262,PHOENIX,AZ,US,6/22/00,33.659,-112.115,N Phoenix,FALSE,2000,"Gas, Tires, Food, Hearing, Pharmacy, Optical, Photo Center, Ship to Warehouse, Warehouse Pickup"
263,TEMECULA,CA,US,11/26/91,33.52,-117.156,Temecula,FALSE,1991,"Gas, Tires, Food, Hearing, Pharmacy, Optical, Photo Center, Ship to Warehouse, Warehouse Pickup"
305,LAS VEGAS,NV,US,2/19/09,36.172,-115.163,Las Vegas Business Center,TRUE,2009,"Gas, Business, Ship to Warehouse"
306,HAWTHORNE,CA,US,3/20/09,33.919,-118.343,Hawthorne Business Center,TRUE,2009,"Gas, Business, Ship to Warehouse"
307,COMMERCE,CA,US,7/23/09,33.995,-118.143,Commerce Business Center,TRUE,2009,"Gas, Food, Business, Ship to Warehouse"
308,SAN DIEGO,CA,US,9/15/10,32.816,-117.154,San Diego Business Center,TRUE,2010,"Food, Business, Ship to Warehouse"
309,MORROW,GA,US,9/4/12,33.572,-84.333,Morrow Business Center,TRUE,2012,"Gas, Business, Ship to Warehouse"
310,CHICAGO,IL,US,4/13/15,41.76,-87.742,Bedford Park Business Center,TRUE,2015,"Gas, Food, Business, Ship to Warehouse"
335,FORT MYERS,FL,US,4/12/07,26.489,-81.786,Estero,FALSE,2007,"Gas, Tires, Food, Hearing, Pharmacy, Optical, Ship to Warehouse, Warehouse Pickup"
336,SALT LAKE CITY,UT,US,8/3/07,40.69,-111.954,West Valley,FALSE,2007,"Gas, Tires, Food, Hearing, Pharmacy, Optical, Ship to Warehouse, Warehouse Pickup"
337,ROYAL PALM BEACH,FL,US,4/13/07,26.681,-80.22,Royal Palm Beach,FALSE,2007,"Gas, Tires, Food, Hearing, Pharmacy, Optical, Ship to Warehouse, Warehouse Pickup"
338,GIG HARBOR,WA,US,11/2/07,47.359,-122.601,Gig Harbor,FALSE,2007,"Gas, Tires, Food, Hearing, Pharmacy, Optical, Photo Center, Ship to Warehouse, Warehouse Pickup"
339,STRONGSVILLE,OH,US,11/18/09,41.313,-81.817,Strongsville,FALSE,2009,"Gas, Tires, Food, Hearing, Pharmacy, Optical, Photo Center, Ship to Warehouse, Warehouse Pickup"
340,WOODBRIDGE,VA,US,5/5/07,38.645,-77.3,Potomac Mills,FALSE,2007,"Gas, Tires, Food, Hearing, Pharmacy, Optical, Ship to Warehouse, Warehouse Pickup"
341,FONTANA,CA,US,11/17/06,34.139,-117.444,Fontana,FALSE,2006,"Gas, Tires, Food, Hearing, Pharmacy, Optical, Photo Center, Ship to Warehouse, Warehouse Pickup"
342,GRAFTON,WI,US,8/30/07,43.311,-87.925,Grafton,FALSE,2007,"Gas, Tires, Food, Hearing, Pharmacy, Optical, Photo Center, Ship to Warehouse, Warehouse Pickup"
343,THORNTON,CO,US,2/21/07,39.993,-104.978,Thornton,FALSE,2007,"Gas, Tires, Food, Hearing, Pharmacy, Optical, Photo Center, Ship to Warehouse, Warehouse Pickup"
344,NASHVILLE,TN,US,11/14/06,36.139,-86.884,W Nashville,FALSE,2006,"Gas, Tires, Food, Hearing, Pharmacy, Optical, Ship to Warehouse, Warehouse Pickup"
345,ATLANTA,GA,US,11/15/06,33.881,-84.472,Cumberland Mall,FALSE,2006,"Gas, Tires, Food, Hearing, Pharmacy, Optical, Photo Center, Ship to Warehouse, Warehouse Pickup"
346,COLUMBUS,OH,US,11/29/06,40.148,-82.978,Columbus,FALSE,2006,"Gas, Tires, Food, Hearing, Pharmacy, Optical, Photo Center, Ship to Warehouse, Warehouse Pickup"
347,HELENA,MT,US,11/28/06,46.617,-112.006,Helena,FALSE,2006,"Gas, Tires, Food, Hearing, Pharmacy, Optical, Ship to Warehouse, Warehouse Pickup"
348,LOUISVILLE,KY,US,10/26/06,38.315,-85.574,NE Louisville,FALSE,2006,"Gas, Tires, Food, Hearing, Pharmacy, Optical, Photo Center, Ship to Warehouse, Warehouse Pickup"
349,WILMINGTON,NC,US,7/28/06,34.247,-77.873,Wilmington,FALSE,2006,"Gas, Tires, Food, Hearing, Pharmacy, Optical, Ship to Warehouse, Warehouse Pickup"
350,DUNCANVILLE,TX,US,8/9/06,32.621,-96.911,Duncanville,FALSE,2006,"Gas, Tires, Food, Hearing, Pharmacy, Optical, Ship to Warehouse, Warehouse Pickup"
351,GYPSUM,CO,US,10/20/06,39.643,-106.889,Gypsum,FALSE,2006,"Gas, Tires, Food, Hearing, Pharmacy, Optical, Photo Center, Ship to Warehouse, Warehouse Pickup"
352,LA QUINTA,CA,US,11/22/06,33.707,-116.272,La Quinta,FALSE,2006,"Gas, Tires, Food, Hearing, Pharmacy, Optical, Photo Center, Ship to Warehouse, Warehouse Pickup"
353,SEQUIM,WA,US,9/9/93,48.079,-123.125,Sequim,FALSE,1993,"Gas, Tires, Food, Hearing, Pharmacy, Optical, Ship to Warehouse, Warehouse Pickup"
354,LIHUE (KAUAI),HI,US,10/17/06,21.968,-159.382,Kauai,FALSE,2006,"Gas, Tires, Food, Hearing, Pharmacy, Optical, Ship to Warehouse, Warehouse Pickup"
355,AUSTIN,TX,US,6/1/06,30.222,-97.839,S Austin,FALSE,2006,"Tires, Food, Hearing, Pharmacy, Optical, Photo Center, Ship to Warehouse, Warehouse Pickup"
356,MARYSVILLE,WA,US,9/21/06,48.148,-122.189,Marysville,FALSE,2006,"Gas, Tires, Food, Hearing, Pharmacy, Optical, Photo Center, Ship to Warehouse, Warehouse Pickup"
357,BAKERSFIELD,CA,US,4/26/06,35.296,-119.057,SW Bakersfield,FALSE,2006,"Gas, Tires, Food, Hearing, Pharmacy, Optical, Ship to Warehouse, Warehouse Pickup"
358,GILBERT,AZ,US,5/4/06,33.298,-111.748,SE Gilbert,FALSE,2006,"Gas, Tires, Food, Hearing, Pharmacy, Optical, Photo Center, Ship to Warehouse, Warehouse Pickup"
359,RALEIGH,NC,US,10/25/06,35.818,-78.622,Raleigh,FALSE,2006,"Gas, Tires, Food, Hearing, Pharmacy, Optical, Photo Center, Ship to Warehouse, Warehouse Pickup"
360,SPARKS,NV,US,8/25/06,39.579,-119.74,Sparks,FALSE,2006,"Gas, Tires, Food, Hearing, Pharmacy, Optical, Ship to Warehouse, Warehouse Pickup"
361,ORLAND PARK,IL,US,11/30/06,41.601,-87.86,Orland Park,FALSE,2006,"Gas, Tires, Food, Hearing, Pharmacy, Optical, Photo Center, Ship to Warehouse, Warehouse Pickup"
362,MAPLE GROVE,MN,US,10/27/06,45.092,-93.424,Maple Grove,FALSE,2006,"Gas, Tires, Food, Hearing, Pharmacy, Optical, Photo Center, Ship to Warehouse, Warehouse Pickup"
363,HOMESTEAD,PA,US,3/8/07,40.404,-79.92,Homestead,FALSE,2007,"Gas, Tires, Food, Hearing, Pharmacy, Optical, Ship to Warehouse, Warehouse Pickup"
364,DENVER,CO,US,6/1/16,39.709,-105.016,Denver Business Center,TRUE,2016,"Business, Ship to Warehouse"
365,ORLANDO,FL,US,8/26/16,28.403,-81.407,Orlando Business Center,TRUE,2016,"Gas, Business, Ship to Warehouse"
366,MINNEAPOLIS,MN,US,6/27/18,44.999,-93.216,Minneapolis Business Center,TRUE,2018,"Business, Ship to Warehouse"
367,NORTH HOLLYWOOD,CA,US,8/9/17,34.201,-118.38,Burbank Business Center,TRUE,2017,"Food, Business, Ship to Warehouse"
368,SOUTH SAN FRANCISCO,CA,US,8/22/17,37.662,-122.402,S San Francisco Business Center,TRUE,2017,"Food, Business, Ship to Warehouse"
369,DALLAS,TX,US,9/5/19,32.871,-96.763,Dallas Business Center,TRUE,2019,"Business, Ship to Warehouse, Warehouse Pickup"
370,FRESNO,CA,US,11/26/02,36.842,-119.789,N Fresno,FALSE,2002,"Gas, Tires, Food, Hearing, Pharmacy, Optical, Photo Center, Ship to Warehouse, Warehouse Pickup"
371,TRACY,CA,US,9/17/02,37.754,-121.476,Tracy,FALSE,2002,"Gas, Tires, Food, Hearing, Pharmacy, Optical, Photo Center, Ship to Warehouse, Warehouse Pickup"
372,ROHNERT PARK,CA,US,9/18/02,38.352,-122.715,Rohnert Park,FALSE,2002,"Gas, Tires, Food, Hearing, Pharmacy, Optical, Photo Center, Ship to Warehouse, Warehouse Pickup"
373,PUYALLUP,WA,US,11/14/00,47.156,-122.309,Puyallup,FALSE,2000,"Gas, Tires, Food, Hearing, Pharmacy, Optical, Photo Center, Ship to Warehouse, Warehouse Pickup"
374,MODESTO,CA,US,8/10/89,37.7,-121.066,Modesto,FALSE,1989,"Gas, Tires, Food, Hearing, Pharmacy, Optical, Photo Center, Ship to Warehouse, Warehouse Pickup"
375,BURLINGTON,WA,US,8/3/00,48.454,-122.338,Burlington WA,FALSE,2000,"Gas, Tires, Food, Hearing, Pharmacy, Optical, Photo Center, Ship to Warehouse, Warehouse Pickup"
376,CONCORD,CA,US,12/10/86,37.959,-122.035,Concord,FALSE,1986,"Gas, Tires, Food, Hearing, Pharmacy, Optical, Photo Center, Ship to Warehouse, Warehouse Pickup"
377,PLANO,TX,US,9/21/00,33.045,-96.7,E Plano,FALSE,2000,"Gas, Tires, Food, Hearing, Pharmacy, Optical, Photo Center, Ship to Warehouse, Warehouse Pickup"
378,PHOENIX,AZ,US,11/1/78,33.52,-112.094,Phoenix,FALSE,1978,"Gas, Tires, Food, Hearing, Pharmacy, Optical, Photo Center, Ship to Warehouse, Warehouse Pickup"
379,ALBUQUERQUE,NM,US,10/24/00,35.068,-106.531,SE Albuquerque,FALSE,2000,"Gas, Tires, Food, Hearing, Pharmacy, Optical, Ship to Warehouse, Warehouse Pickup"
380,ARLINGTON,TX,US,4/27/01,32.685,-97.114,Arlington,FALSE,2001,"Gas, Tires, Food, Hearing, Pharmacy, Optical, Ship to Warehouse, Warehouse Pickup"
381,SOUTHLAKE,TX,US,4/27/01,32.943,-97.113,Southlake,FALSE,2001,"Gas, Tires, Food, Hearing, Pharmacy, Optical, Photo Center, Ship to Warehouse, Warehouse Pickup"
382,SPOKANE,WA,US,12/1/83,47.657,-117.333,Spokane,FALSE,1983,"Gas, Tires, Food, Hearing, Pharmacy, Optical, Photo Center, Ship to Warehouse, Warehouse Pickup"
383,HAWTHORNE,CA,US,12/5/00,33.899,-118.373,Hawthorne,FALSE,2000,"Gas, Tires, Food, Hearing, Pharmacy, Optical, Photo Center, Ship to Warehouse, Warehouse Pickup"
384,SAINT GEORGE,UT,US,11/15/00,37.125,-113.522,St George,FALSE,2000,"Gas, Tires, Food, Hearing, Pharmacy, Optical, Photo Center, Ship to Warehouse, Warehouse Pickup"
385,HENDERSON,NV,US,11/15/91,36.069,-115.037,Henderson,FALSE,1991,"Gas, Tires, Food, Hearing, Pharmacy, Optical, Photo Center, Ship to Warehouse, Warehouse Pickup"
386,GLENDALE,AZ,US,8/1/88,33.644,-112.231,Glendale,FALSE,1988,"Gas, Tires, Food, Hearing, Pharmacy, Optical, Photo Center, Ship to Warehouse, Warehouse Pickup"
387,HOUSTON,TX,US,6/7/01,29.954,-95.547,Willowbrook,FALSE,2001,"Gas, Tires, Food, Hearing, Pharmacy, Optical, Ship to Warehouse, Warehouse Pickup"
388,ARVADA,CO,US,9/19/01,39.791,-105.081,Arvada,FALSE,2001,"Gas, Tires, Food, Hearing, Pharmacy, Optical, Photo Center, Ship to Warehouse, Warehouse Pickup"
389,BURBANK,CA,US,11/1/84,34.184,-118.323,Burbank,FALSE,1984,"Gas, Tires, Food, Hearing, Pharmacy, Optical, Photo Center, Ship to Warehouse, Warehouse Pickup"
390,RANCHO CUCAMONGA,CA,US,10/1/92,34.077,-117.547,Rancho Cucamonga,FALSE,1992,"Gas, Tires, Food, Hearing, Pharmacy, Optical, Photo Center, Ship to Warehouse, Warehouse Pickup"
391,CITY OF INDUSTRY,CA,US,12/19/86,33.995,-117.921,City Of Industry,FALSE,1986,"Gas, Tires, Food, Hearing, Pharmacy, Optical, Photo Center, Ship to Warehouse, Warehouse Pickup"
392,HOUSTON,TX,US,6/7/01,29.788,-95.53,Bunker Hill,FALSE,2001,"Gas, Tires, Food, Hearing, Pharmacy, Optical, Photo Center, Ship to Warehouse, Warehouse Pickup"
393,AUSTIN,TX,US,8/30/01,30.396,-97.746,Austin,FALSE,2001,"Gas, Tires, Food, Hearing, Pharmacy, Optical, Photo Center, Ship to Warehouse, Warehouse Pickup"
394,ALBANY,OR,US,10/12/01,44.639,-123.065,Albany,FALSE,2001,"Gas, Tires, Food, Hearing, Pharmacy, Optical, Photo Center, Ship to Warehouse, Warehouse Pickup"
395,LEWISVILLE,TX,US,8/25/04,32.997,-96.964,Lewisville,FALSE,2004,"Gas, Tires, Food, Hearing, Pharmacy, Optical, Ship to Warehouse, Warehouse Pickup"
396,PLANO,TX,US,9/27/01,33.023,-96.83,W Plano,FALSE,2001,"Gas, Tires, Food, Hearing, Pharmacy, Optical, Ship to Warehouse, Warehouse Pickup"
397,LAS VEGAS,NV,US,10/4/01,36.163,-115.333,Summerlin,FALSE,2001,"Gas, Tires, Food, Hearing, Pharmacy, Optical, Photo Center, Ship to Warehouse, Warehouse Pickup"
398,MONTCLAIR,CA,US,12/11/01,34.083,-117.69,Montclair,FALSE,2001,"Gas, Tires, Food, Hearing, Pharmacy, Optical, Photo Center, Ship to Warehouse, Warehouse Pickup"
399,HONOLULU,HI,US,5/12/88,21.318,-157.87,Iwilei,FALSE,1988,"Gas, Tires, Food, Hearing, Pharmacy, Optical, Ship to Warehouse, Warehouse Pickup"
400,BAKERSFIELD,CA,US,10/3/85,35.383,-119.047,Bakersfield,FALSE,1985,"Gas, Tires, Food, Hearing, Pharmacy, Optical, Photo Center, Ship to Warehouse, Warehouse Pickup"
401,SAN ANTONIO,TX,US,11/3/01,29.575,-98.596,NW San Antonio,FALSE,2001,"Gas, Tires, Food, Hearing, Pharmacy, Optical, Photo Center, Ship to Warehouse, Warehouse Pickup"
402,LAGUNA NIGUEL,CA,US,6/6/02,33.568,-117.712,Laguna Marketplace,FALSE,2002,"Gas, Tires, Food, Hearing, Pharmacy, Optical, Photo Center, Ship to Warehouse, Warehouse Pickup"
403,AVONDALE,AZ,US,10/11/02,33.465,-112.275,Avondale,FALSE,2002,"Gas, Tires, Food, Hearing, Pharmacy, Optical, Photo Center, Ship to Warehouse, Warehouse Pickup"
404,HILLSBORO,OR,US,11/17/05,45.536,-122.935,Hillsboro,FALSE,2005,"Gas, Tires, Food, Hearing, Pharmacy, Optical, Photo Center, Ship to Warehouse, Warehouse Pickup"
405,SAN ANTONIO,TX,US,7/11/02,29.611,-98.476,Sonterra Park,FALSE,2002,"Tires, Food, Hearing, Pharmacy, Optical, Photo Center, Ship to Warehouse, Warehouse Pickup"
406,VACAVILLE,CA,US,12/6/02,38.35,-121.981,Vacaville,FALSE,2002,"Gas, Tires, Food, Hearing, Pharmacy, Optical, Photo Center, Ship to Warehouse, Warehouse Pickup"
429,HACKENSACK,NJ,US,3/15/16,40.877,-74.041,Hackensack Business Center,TRUE,2016,"Food, Business, Ship to Warehouse"
432,LEHI,UT,US,8/24/06,40.39,-111.827,Lehi,FALSE,2006,"Gas, Tires, Food, Hearing, Pharmacy, Optical, Photo Center, Ship to Warehouse, Warehouse Pickup"
433,NAMPA,ID,US,8/23/06,43.614,-116.592,Nampa,FALSE,2006,"Gas, Tires, Food, Hearing, Pharmacy, Optical, Photo Center, Ship to Warehouse, Warehouse Pickup"
434,WEST BOUNTIFUL,UT,US,11/22/05,40.89,-111.893,Bountiful,FALSE,2005,"Gas, Tires, Food, Hearing, Pharmacy, Optical, Photo Center, Ship to Warehouse, Warehouse Pickup"
435,CHANDLER,AZ,US,12/1/05,33.295,-111.899,Chandler,FALSE,2005,"Gas, Tires, Food, Hearing, Pharmacy, Optical, Photo Center, Ship to Warehouse, Warehouse Pickup"
436,LAS VEGAS,NV,US,10/27/05,36.278,-115.209,Centennial,FALSE,2005,"Gas, Tires, Food, Hearing, Pharmacy, Optical, Photo Center, Ship to Warehouse, Warehouse Pickup"
437,PHOENIX,AZ,US,11/11/05,33.67,-112.029,Cave Creek,FALSE,2005,"Gas, Tires, Food, Hearing, Pharmacy, Optical, Photo Center, Ship to Warehouse, Warehouse Pickup"
438,BRICK,NJ,US,11/21/92,40.056,-74.155,Brick Township,FALSE,1992,"Gas, Tires, Food, Hearing, Pharmacy, Optical, Photo Center, Ship to Warehouse, Warehouse Pickup"
439,LACEY,WA,US,7/18/06,47.06,-122.76,Lacey,FALSE,2006,"Gas, Tires, Food, Hearing, Pharmacy, Optical, Ship to Warehouse, Warehouse Pickup"
440,SAN LUIS OBISPO,CA,US,9/17/05,35.252,-120.689,San Luis Obispo,FALSE,2005,"Gas, Tires, Food, Hearing, Pharmacy, Optical, Photo Center, Ship to Warehouse, Warehouse Pickup"
441,PEMBROKE PINES,FL,US,10/14/05,26.008,-80.361,Pembroke Pines,FALSE,2005,"Gas, Tires, Food, Hearing, Pharmacy, Optical, Ship to Warehouse, Warehouse Pickup"
442,ALPHARETTA,GA,US,6/4/05,34.091,-84.277,Alpharetta,FALSE,2005,"Gas, Tires, Food, Hearing, Pharmacy, Optical, Photo Center, Ship to Warehouse, Warehouse Pickup"
443,WYOMING,MI,US,6/16/05,42.876,-85.763,Wyoming,FALSE,2005,"Gas, Tires, Food, Hearing, Pharmacy, Optical, Photo Center, Ship to Warehouse, Warehouse Pickup"
444,KALISPELL,MT,US,12/3/93,48.235,-114.331,Kalispell,FALSE,1993,"Gas, Tires, Food, Hearing, Pharmacy, Optical, Ship to Warehouse, Warehouse Pickup"
445,LAKE ELSINORE,CA,US,5/5/06,33.695,-117.334,Lake Elsinore,FALSE,2006,"Gas, Tires, Food, Hearing, Pharmacy, Optical, Photo Center, Ship to Warehouse, Warehouse Pickup"
446,WOODINVILLE,WA,US,8/26/05,47.779,-122.149,Woodinville,FALSE,2005,"Gas, Tires, Food, Hearing, Pharmacy, Optical, Photo Center, Ship to Warehouse, Warehouse Pickup"
447,CYPRESS,CA,US,7/14/05,33.803,-118.039,Cypress,FALSE,2005,"Gas, Tires, Food, Hearing, Pharmacy, Optical, Photo Center, Ship to Warehouse, Warehouse Pickup"
448,MOUNT LAUREL,NJ,US,3/3/05,39.971,-74.912,Mt Laurel,FALSE,2005,"Gas, Tires, Food, Hearing, Pharmacy, Optical, Ship to Warehouse, Warehouse Pickup"
456,GILROY,CA,US,3/1/03,37.009,-121.554,Gilroy,FALSE,2003,"Gas, Tires, Food, Hearing, Pharmacy, Optical, Photo Center, Ship to Warehouse, Warehouse Pickup"
457,BOISE,ID,US,10/11/88,43.585,-116.274,Boise,FALSE,1988,"Gas, Tires, Food, Hearing, Pharmacy, Optical, Photo Center, Ship to Warehouse, Warehouse Pickup"
458,LANCASTER,CA,US,9/29/88,34.66,-118.149,Lancaster CA,FALSE,1988,"Gas, Tires, Food, Hearing, Pharmacy, Optical, Photo Center, Ship to Warehouse, Warehouse Pickup"
459,MURRAY,UT,US,1/12/84,40.658,-111.891,Murray,FALSE,1984,"Gas, Tires, Food, Hearing, Pharmacy, Optical, Photo Center, Ship to Warehouse, Warehouse Pickup"
460,FOLSOM,CA,US,5/23/03,38.646,-121.111,Folsom,FALSE,2003,"Gas, Tires, Food, Hearing, Pharmacy, Optical, Photo Center, Ship to Warehouse, Warehouse Pickup"
461,WILSONVILLE,OR,US,7/24/03,45.333,-122.766,Wilsonville,FALSE,2003,"Gas, Tires, Food, Hearing, Pharmacy, Optical, Photo Center, Ship to Warehouse, Warehouse Pickup"
462,FIFE,WA,US,11/12/03,47.239,-122.375,Fife Business Center,TRUE,2003,"Business, Ship to Warehouse"
463,EL PASO,TX,US,11/13/03,31.782,-106.411,El Paso,FALSE,2003,"Gas, Tires, Food, Hearing, Pharmacy, Optical, Ship to Warehouse, Warehouse Pickup"
464,INGLEWOOD,CA,US,7/8/85,33.945,-118.335,Inglewood,FALSE,1985,"Gas, Tires, Food, Pharmacy, Optical, Photo Center, Ship to Warehouse, Warehouse Pickup"
465,OGDEN,UT,US,11/18/03,41.197,-111.979,South Ogden,FALSE,2003,"Gas, Tires, Food, Hearing, Pharmacy, Optical, Photo Center, Ship to Warehouse, Warehouse Pickup"
466,CITRUS HEIGHTS,CA,US,12/13/03,38.692,-121.297,Citrus Heights,FALSE,2003,"Gas, Tires, Food, Hearing, Pharmacy, Optical, Photo Center, Ship to Warehouse, Warehouse Pickup"
467,VANCOUVER,WA,US,8/27/04,45.684,-122.604,Vancouver WA,FALSE,2004,"Gas, Tires, Food, Hearing, Pharmacy, Optical, Photo Center, Ship to Warehouse, Warehouse Pickup"
468,COEUR D' ALENE,ID,US,4/22/04,47.708,-116.782,Coeur D' Alene,FALSE,2004,"Gas, Tires, Food, Hearing, Pharmacy, Optical, Photo Center, Ship to Warehouse, Warehouse Pickup"
469,LAKE IN THE HILLS,IL,US,7/8/04,42.179,-88.338,Lake In The Hills,FALSE,2004,"Gas, Tires, Food, Hearing, Pharmacy, Optical, Photo Center, Ship to Warehouse, Warehouse Pickup"
470,POWAY,CA,US,7/23/04,32.937,-117.036,Poway,FALSE,2004,"Gas, Tires, Food, Hearing, Pharmacy, Optical, Photo Center, Ship to Warehouse, Warehouse Pickup"
471,LA HABRA,CA,US,10/26/05,33.933,-117.97,La Habra,FALSE,2005,"Gas, Tires, Food, Hearing, Pharmacy, Optical, Photo Center, Ship to Warehouse, Warehouse Pickup"
472,FREMONT,CA,US,5/26/88,37.502,-121.971,Fremont,FALSE,1988,"Gas, Tires, Food, Hearing, Pharmacy, Optical, Photo Center, Ship to Warehouse, Warehouse Pickup"
473,MOUNT PROSPECT,IL,US,10/13/04,42.083,-87.937,Mt Prospect,FALSE,2004,"Gas, Tires, Food, Hearing, Pharmacy, Optical, Photo Center, Ship to Warehouse, Warehouse Pickup"
474,ENFIELD,CT,US,7/29/04,41.994,-72.576,Enfield,FALSE,2004,"Gas, Tires, Food, Hearing, Pharmacy, Optical, Photo Center, Ship to Warehouse, Warehouse Pickup"
475,CHULA VISTA,CA,US,10/1/81,32.609,-117.081,Chula Vista,FALSE,1981,"Gas, Tires, Food, Hearing, Pharmacy, Optical, Photo Center, Ship to Warehouse, Warehouse Pickup"
476,TURLOCK,CA,US,8/26/04,37.52,-120.888,Turlock,FALSE,2004,"Gas, Tires, Food, Hearing, Pharmacy, Optical, Photo Center, Ship to Warehouse, Warehouse Pickup"
477,EDEN PRAIRIE,MN,US,11/18/04,44.862,-93.43,Eden Prairie,FALSE,2004,"Gas, Tires, Food, Hearing, Pharmacy, Optical, Photo Center, Ship to Warehouse, Warehouse Pickup"
478,GRAND RAPIDS,MI,US,12/9/04,42.913,-85.545,Grand Rapids,FALSE,2004,"Gas, Tires, Food, Hearing, Pharmacy, Optical, Ship to Warehouse, Warehouse Pickup"
479,RIVERHEAD,NY,US,6/26/14,40.925,-72.704,Riverhead,FALSE,2014,"Gas, Tires, Food, Hearing, Pharmacy, Optical, Ship to Warehouse, Warehouse Pickup"
480,BRIGHTON,MI,US,12/8/04,42.504,-83.759,Green Oak Township,FALSE,2004,"Gas, Tires, Food, Hearing, Pharmacy, Optical, Photo Center, Ship to Warehouse, Warehouse Pickup"
481,WEST DES MOINES,IA,US,12/7/04,41.561,-93.805,West Des Moines,FALSE,2004,"Gas, Tires, Food, Hearing, Pharmacy, Optical, Photo Center, Ship to Warehouse, Warehouse Pickup"
482,HAYWARD,CA,US,7/5/92,37.667,-122.103,Hayward Business Center,TRUE,1992,"Business, Ship to Warehouse"
483,PHOENIX,AZ,US,11/20/01,33.492,-112.128,Phoenix Business Center,TRUE,2001,"Gas, Business, Ship to Warehouse"
504,WESTMINSTER,CA,US,12/21/15,33.768,-117.991,Westminster Business Center,TRUE,2015,"Business, Ship to Warehouse"
505,ELKRIDGE,MD,US,10/5/07,39.187,-76.795,Columbia,FALSE,2007,"Gas, Tires, Food, Hearing, Pharmacy, Optical, Photo Center, Ship to Warehouse, Warehouse Pickup"
506,TUSTIN,CA,US,6/7/07,33.699,-117.824,Tustin,FALSE,2007,"Gas, Tires, Food, Hearing, Pharmacy, Optical, Photo Center, Ship to Warehouse, Warehouse Pickup"
507,ANTIOCH,CA,US,8/29/91,38.01,-121.833,Antioch,FALSE,1991,"Gas, Tires, Food, Hearing, Pharmacy, Optical, Photo Center, Ship to Warehouse, Warehouse Pickup"
508,WOODLAND,CA,US,2/22/08,38.673,-121.724,Woodland,FALSE,2008,"Gas, Tires, Food, Hearing, Pharmacy, Optical, Ship to Warehouse, Warehouse Pickup"
509,SAN JOSE,CA,US,8/23/07,37.389,-121.883,NE San Jose,FALSE,2007,"Gas, Tires, Food, Hearing, Pharmacy, Optical, Photo Center, Ship to Warehouse, Warehouse Pickup"
510,GREENVILLE,SC,US,8/16/07,34.836,-82.313,Greenville,FALSE,2007,"Gas, Tires, Food, Hearing, Pharmacy, Optical, Ship to Warehouse, Warehouse Pickup"
511,SELMA,TX,US,10/17/07,29.576,-98.317,Selma,FALSE,2007,"Gas, Tires, Food, Hearing, Pharmacy, Optical, Ship to Warehouse, Warehouse Pickup"
512,TOLEDO,OH,US,8/29/07,41.677,-83.628,Toledo,FALSE,2007,"Gas, Tires, Food, Hearing, Pharmacy, Optical, Photo Center, Ship to Warehouse, Warehouse Pickup"
513,SPARTANBURG,SC,US,8/15/07,34.94,-81.998,Spartanburg,FALSE,2007,"Gas, Tires, Food, Hearing, Pharmacy, Optical, Ship to Warehouse, Warehouse Pickup"
514,MONTGOMERY,AL,US,10/4/07,32.364,-86.151,Montgomery,FALSE,2007,"Gas, Tires, Food, Hearing, Pharmacy, Optical, Ship to Warehouse, Warehouse Pickup"
515,VICTORVILLE,CA,US,10/13/88,34.515,-117.32,Victorville,FALSE,1988,"Gas, Tires, Food, Hearing, Pharmacy, Optical, Photo Center, Ship to Warehouse, Warehouse Pickup"
516,CHICO,CA,US,10/15/91,39.723,-121.81,Chico,FALSE,1991,"Gas, Tires, Food, Hearing, Pharmacy, Optical, Photo Center, Ship to Warehouse, Warehouse Pickup"
517,OMAHA,NE,US,10/18/07,41.264,-96.102,Omaha,FALSE,2007,"Gas, Tires, Food, Hearing, Pharmacy, Optical, Photo Center, Ship to Warehouse, Warehouse Pickup"
518,UNION GAP,WA,US,11/14/90,46.565,-120.496,Union Gap,FALSE,1990,"Gas, Tires, Food, Hearing, Pharmacy, Optical, Photo Center, Ship to Warehouse, Warehouse Pickup"
519,COLORADO SPRINGS,CO,US,2/20/08,38.893,-104.718,E Colorado Springs,FALSE,2008,"Gas, Tires, Food, Hearing, Pharmacy, Optical, Photo Center, Ship to Warehouse, Warehouse Pickup"
520,SAN DIMAS,CA,US,5/16/08,34.112,-117.829,San Dimas,FALSE,2008,"Gas, Tires, Food, Hearing, Pharmacy, Optical, Photo Center, Ship to Warehouse, Warehouse Pickup"
521,ALBUQUERQUE,NM,US,12/7/07,35.196,-106.662,NW Albuquerque,FALSE,2007,"Gas, Tires, Food, Hearing, Pharmacy, Optical, Ship to Warehouse, Warehouse Pickup"
522,VISALIA,CA,US,11/20/90,36.294,-119.306,Visalia,FALSE,1990,"Gas, Tires, Food, Hearing, Pharmacy, Optical, Photo Center, Ship to Warehouse, Warehouse Pickup"
523,HOUSTON,TX,US,10/22/08,29.733,-95.439,Galleria,FALSE,2008,"Gas, Tires, Food, Hearing, Pharmacy, Optical, Photo Center, Ship to Warehouse, Warehouse Pickup"
524,SOUTH JORDAN,UT,US,8/28/14,40.56,-111.975,South Jordan,FALSE,2014,"Gas, Tires, Food, Hearing, Pharmacy, Optical, Photo Center, Ship to Warehouse, Warehouse Pickup"
525,MIDDLETON,WI,US,8/20/08,43.098,-89.523,Middleton,FALSE,2008,"Gas, Tires, Food, Hearing, Pharmacy, Optical, Ship to Warehouse, Warehouse Pickup"
526,MAPLEWOOD,MN,US,8/28/08,45.028,-93.041,Maplewood,FALSE,2008,"Gas, Tires, Food, Hearing, Pharmacy, Optical, Photo Center, Ship to Warehouse, Warehouse Pickup"
527,PARKER,CO,US,8/22/08,39.559,-104.776,Parker,FALSE,2008,"Gas, Tires, Food, Hearing, Pharmacy, Optical, Photo Center, Ship to Warehouse, Warehouse Pickup"
528,MIAMI,FL,US,11/16/88,25.656,-80.413,Kendall,FALSE,1988,"Gas, Tires, Food, Hearing, Pharmacy, Optical, Photo Center, Ship to Warehouse, Warehouse Pickup"
529,STAFFORD TOWNSHIP,NJ,US,5/29/08,39.71,-74.287,Manahawkin,FALSE,2008,"Gas, Tires, Food, Hearing, Pharmacy, Optical, Ship to Warehouse, Warehouse Pickup"
530,TALLAHASSEE,FL,US,4/9/08,30.461,-84.213,Tallahassee,FALSE,2008,"Gas, Tires, Food, Hearing, Pharmacy, Optical, Ship to Warehouse, Warehouse Pickup"
531,SHERIDAN,CO,US,8/21/08,39.644,-105.006,Sheridan,FALSE,2008,"Gas, Tires, Food, Hearing, Pharmacy, Optical, Photo Center, Ship to Warehouse, Warehouse Pickup"
532,MESA,AZ,US,10/27/94,33.392,-111.668,Mesa,FALSE,1994,"Gas, Tires, Food, Hearing, Pharmacy, Optical, Photo Center, Ship to Warehouse, Warehouse Pickup"
533,COVINGTON,WA,US,10/25/08,47.355,-122.121,Covington,FALSE,2008,"Gas, Tires, Food, Hearing, Pharmacy, Optical, Photo Center, Ship to Warehouse, Warehouse Pickup"
534,COLORADO SPRINGS,CO,US,10/29/09,38.904,-104.817,W Colorado Springs,FALSE,2009,"Gas, Tires, Food, Hearing, Pharmacy, Optical, Ship to Warehouse, Warehouse Pickup"
535,MANTECA,CA,US,8/14/08,37.786,-121.256,Manteca,FALSE,2008,"Gas, Tires, Food, Hearing, Pharmacy, Optical, Ship to Warehouse, Warehouse Pickup"
536,POCATELLO,ID,US,10/23/08,42.906,-112.455,Pocatello,FALSE,2008,"Gas, Tires, Food, Hearing, Pharmacy, Optical, Photo Center, Ship to Warehouse, Warehouse Pickup"
537,BLOOMFIELD,MI,US,5/1/98,42.605,-83.294,Bloomfield,FALSE,1998,"Gas, Tires, Food, Hearing, Pharmacy, Optical, Photo Center, Ship to Warehouse, Warehouse Pickup"
538,KAPOLEI,HI,US,2/27/09,21.328,-158.088,Kapolei,FALSE,2009,"Gas, Tires, Food, Hearing, Pharmacy, Optical, Photo Center, Ship to Warehouse, Warehouse Pickup"
539,BRANDYWINE,MD,US,11/12/08,38.669,-76.876,Brandywine,FALSE,2008,"Gas, Tires, Food, Hearing, Pharmacy, Optical, Ship to Warehouse, Warehouse Pickup"
540,SAINT CHARLES,IL,US,11/14/08,41.909,-88.34,St Charles,FALSE,2008,"Gas, Tires, Food, Hearing, Pharmacy, Optical, Photo Center, Ship to Warehouse, Warehouse Pickup"
541,REDWOOD CITY,CA,US,6/1/83,37.48,-122.217,Redwood City,FALSE,1983,"Gas, Tires, Food, Hearing, Pharmacy, Optical, Photo Center, Ship to Warehouse, Warehouse Pickup"
542,ROCKWALL,TX,US,4/8/09,32.908,-96.446,Rockwall,FALSE,2009,"Gas, Tires, Food, Hearing, Pharmacy, Optical, Photo Center, Ship to Warehouse, Warehouse Pickup"
543,LAKEWOOD,CA,US,2/26/09,33.85,-118.142,Lakewood,FALSE,2009,"Gas, Tires, Food, Hearing, Pharmacy, Optical, Photo Center, Ship to Warehouse, Warehouse Pickup"
545,PHOENIX,AZ,US,9/18/09,33.6,-111.983,Paradise Valley,FALSE,2009,"Gas, Tires, Food, Hearing, Pharmacy, Optical, Photo Center, Ship to Warehouse, Warehouse Pickup"
546,WARRENTON,OR,US,7/15/93,46.146,-123.915,Warrenton,FALSE,1993,"Gas, Tires, Food, Hearing, Pharmacy, Optical, Ship to Warehouse, Warehouse Pickup"
547,MANCHESTER,MO,US,11/17/09,38.597,-90.505,Manchester MO,FALSE,2009,"Gas, Tires, Food, Hearing, Pharmacy, Optical, Photo Center, Ship to Warehouse, Warehouse Pickup"
548,HAYWARD,CA,US,11/24/09,37.617,-122.088,Hayward,FALSE,2009,"Gas, Tires, Food, Hearing, Pharmacy, Optical, Photo Center, Ship to Warehouse, Warehouse Pickup"
549,NEW YORK,NY,US,11/12/09,40.796,-73.933,Manhattan,FALSE,2009,"Food, Hearing, Pharmacy, Optical, Ship to Warehouse, Warehouse Pickup"
551,REGO PARK,NY,US,7/8/10,40.734,-73.864,Rego Park,FALSE,2010,"Food, Hearing, Pharmacy, Optical, Ship to Warehouse, Warehouse Pickup"
552,PACOIMA,CA,US,3/4/10,34.272,-118.428,Pacoima,FALSE,2010,"Gas, Tires, Food, Hearing, Pharmacy, Optical, Photo Center, Ship to Warehouse, Warehouse Pickup"
553,ROSEBURG,OR,US,8/12/10,43.26,-123.351,Roseburg,FALSE,2010,"Gas, Tires, Food, Hearing, Pharmacy, Optical, Ship to Warehouse, Warehouse Pickup"
554,METTAWA,IL,US,11/20/10,42.236,-87.904,Mettawa,FALSE,2010,"Gas, Tires, Food, Hearing, Pharmacy, Optical, Ship to Warehouse, Warehouse Pickup"
556,GLENARDEN,MD,US,10/26/10,38.922,-76.851,Woodmore Towne Centre,FALSE,2010,"Gas, Tires, Food, Hearing, Pharmacy, Optical, Ship to Warehouse, Warehouse Pickup"
557,TUCSON,AZ,US,4/14/11,32.182,-110.947,SW Tucson,FALSE,2011,"Gas, Tires, Food, Hearing, Pharmacy, Optical, Photo Center, Ship to Warehouse, Warehouse Pickup"
558,SAN MARCOS,CA,US,7/8/11,33.137,-117.124,San Marcos,FALSE,2011,"Gas, Tires, Food, Hearing, Pharmacy, Optical, Photo Center, Ship to Warehouse, Warehouse Pickup"
559,POTTSTOWN,PA,US,8/17/11,40.239,-75.576,Sanatoga,FALSE,2011,"Gas, Tires, Food, Hearing, Pharmacy, Optical, Ship to Warehouse, Warehouse Pickup"
560,RINGGOLD,GA,US,10/27/10,34.967,-85.193,Fort Oglethorpe,FALSE,2010,"Gas, Tires, Food, Hearing, Pharmacy, Optical, Ship to Warehouse, Warehouse Pickup"
561,ATLANTA,GA,US,10/28/10,33.872,-84.335,Brookhaven,FALSE,2010,"Gas, Tires, Food, Hearing, Pharmacy, Optical, Ship to Warehouse, Warehouse Pickup"
562,MELROSE PARK,IL,US,11/17/10,41.908,-87.835,Melrose Park,FALSE,2010,"Gas, Tires, Food, Hearing, Pharmacy, Optical, Photo Center, Ship to Warehouse, Warehouse Pickup"
563,CAMAS,WA,US,11/24/10,45.622,-122.473,E Vancouver WA,FALSE,2010,"Gas, Tires, Food, Hearing, Pharmacy, Optical, Photo Center, Ship to Warehouse, Warehouse Pickup"
564,BURNSVILLE,MN,US,11/23/10,44.749,-93.293,Burnsville,FALSE,2010,"Gas, Tires, Food, Hearing, Pharmacy, Optical, Photo Center, Ship to Warehouse, Warehouse Pickup"
565,BOLINGBROOK,IL,US,11/18/10,41.726,-88.033,Bolingbrook,FALSE,2010,"Gas, Tires, Food, Hearing, Pharmacy, Optical, Ship to Warehouse, Warehouse Pickup"
566,NORTH CHESTERFIELD,VA,US,11/3/90,37.511,-77.607,Chesterfield,FALSE,1990,"Gas, Tires, Food, Hearing, Pharmacy, Optical, Ship to Warehouse, Warehouse Pickup"
568,LODI,CA,US,6/9/11,38.1,-121.266,Lodi,FALSE,2011,"Gas, Tires, Food, Hearing, Pharmacy, Optical, Photo Center, Ship to Warehouse, Warehouse Pickup"
570,MORGANVILLE,NJ,US,7/6/11,40.361,-74.304,Marlboro,FALSE,2011,"Gas, Tires, Food, Hearing, Pharmacy, Optical, Ship to Warehouse, Warehouse Pickup"
571,FRISCO,TX,US,10/22/11,33.171,-96.839,Frisco,FALSE,2011,"Gas, Tires, Food, Hearing, Pharmacy, Optical, Photo Center, Ship to Warehouse, Warehouse Pickup"
572,PEWAUKEE,WI,US,10/27/11,43.09,-88.23,Pewaukee,FALSE,2011,"Gas, Tires, Food, Hearing, Pharmacy, Optical, Ship to Warehouse, Warehouse Pickup"
573,AUGUSTA,GA,US,11/16/11,33.524,-82.02,Augusta,FALSE,2011,"Gas, Tires, Food, Hearing, Pharmacy, Optical, Ship to Warehouse, Warehouse Pickup"
574,WARMINSTER,PA,US,10/21/11,40.197,-75.081,Bucks County,FALSE,2011,"Gas, Tires, Food, Hearing, Pharmacy, Optical, Ship to Warehouse, Warehouse Pickup"
575,ANN ARBOR,MI,US,6/29/12,42.232,-83.741,Pittsfield Township,FALSE,2012,"Gas, Tires, Food, Hearing, Pharmacy, Optical, Photo Center, Ship to Warehouse, Warehouse Pickup"
576,CHICAGO,IL,US,6/28/12,41.863,-87.666,Chicago South Loop,FALSE,2012,"Gas, Tires, Food, Hearing, Pharmacy, Optical, Ship to Warehouse, Warehouse Pickup"
577,PHARR,TX,US,3/15/12,26.194,-98.199,Pharr,FALSE,2012,"Gas, Tires, Food, Hearing, Pharmacy, Optical, Ship to Warehouse, Warehouse Pickup"
578,HUNTINGTON BEACH,CA,US,5/2/12,33.734,-117.996,Huntington Beach,FALSE,2012,"Gas, Tires, Food, Hearing, Pharmacy, Optical, Photo Center, Ship to Warehouse, Warehouse Pickup"
579,CORALVILLE,IA,US,6/27/12,41.698,-91.615,Coralville,FALSE,2012,"Gas, Tires, Food, Hearing, Pharmacy, Optical, Ship to Warehouse, Warehouse Pickup"
581,GLEN MILLS,PA,US,11/10/12,39.883,-75.53,Concordville,FALSE,2012,"Gas, Tires, Food, Hearing, Pharmacy, Optical, Ship to Warehouse, Warehouse Pickup"
582,ALEXANDRIA,VA,US,8/8/13,38.742,-77.086,Mt Vernon,FALSE,2013,"Tires, Food, Hearing, Pharmacy, Optical, Ship to Warehouse, Warehouse Pickup"
583,KNOXVILLE,TN,US,11/9/12,35.896,-84.141,Farragut,FALSE,2012,"Gas, Tires, Food, Hearing, Pharmacy, Optical, Ship to Warehouse, Warehouse Pickup"
584,SPANISH FORK,UT,US,10/25/12,40.123,-111.649,Spanish Fork,FALSE,2012,"Gas, Tires, Food, Hearing, Pharmacy, Optical, Photo Center, Ship to Warehouse, Warehouse Pickup"
585,WEST FARGO,ND,US,10/23/12,46.844,-96.887,West Fargo ND,FALSE,2012,"Gas, Tires, Food, Hearing, Pharmacy, Optical, Photo Center, Ship to Warehouse, Warehouse Pickup"
586,WASHINGTON,DC,US,11/29/12,38.92,-76.95,Washington DC,FALSE,2012,"Tires, Food, Hearing, Pharmacy, Optical, Ship to Warehouse, Warehouse Pickup"
587,SUN PRAIRIE,WI,US,11/15/12,43.165,-89.275,Sun Prairie,FALSE,2012,"Gas, Tires, Food, Hearing, Pharmacy, Optical, Photo Center, Ship to Warehouse, Warehouse Pickup"
588,BAXTER,MN,US,10/24/12,46.349,-94.249,Baxter,FALSE,2012,"Gas, Tires, Food, Hearing, Pharmacy, Optical, Ship to Warehouse, Warehouse Pickup"
589,SARASOTA,FL,US,8/17/12,27.233,-82.498,Sarasota Mall,FALSE,2012,"Gas, Tires, Food, Hearing, Pharmacy, Optical, Ship to Warehouse, Warehouse Pickup"
590,WHEATON,MD,US,4/10/13,39.036,-77.056,Wheaton,FALSE,2013,"Tires, Food, Hearing, Pharmacy, Optical, Photo Center, Ship to Warehouse, Warehouse Pickup"
591,ROCHESTER,MN,US,11/16/12,44.051,-92.521,Rochester MN,FALSE,2012,"Gas, Tires, Food, Hearing, Pharmacy, Optical, Ship to Warehouse, Warehouse Pickup"
592,EAST PEORIA,IL,US,11/14/12,40.669,-89.584,East Peoria,FALSE,2012,"Gas, Tires, Food, Hearing, Pharmacy, Optical, Ship to Warehouse, Warehouse Pickup"
595,SUGAR LAND,TX,US,7/11/13,29.586,-95.642,Sugar Land,FALSE,2013,"Gas, Tires, Food, Hearing, Pharmacy, Optical, Ship to Warehouse, Warehouse Pickup"
596,NEW ORLEANS,LA,US,9/21/13,29.967,-90.11,New Orleans,FALSE,2013,"Gas, Tires, Food, Hearing, Pharmacy, Optical, Ship to Warehouse, Warehouse Pickup"
597,CEDAR PARK,TX,US,11/22/13,30.528,-97.817,Cedar Park TX,FALSE,2013,"Gas, Tires, Food, Hearing, Pharmacy, Optical, Ship to Warehouse, Warehouse Pickup"
598,NORTH RIVERSIDE,IL,US,11/25/13,41.845,-87.807,North Riverside IL,FALSE,2013,"Gas, Tires, Food, Hearing, Pharmacy, Optical, Photo Center, Ship to Warehouse, Warehouse Pickup"
599,LEXINGTON,KY,US,10/18/13,38.025,-84.407,Lexington,FALSE,2013,"Gas, Tires, Food, Hearing, Pharmacy, Optical, Ship to Warehouse, Warehouse Pickup"
601,SIOUX FALLS,SD,US,10/3/13,43.512,-96.741,Sioux Falls,FALSE,2013,"Gas, Tires, Food, Hearing, Pharmacy, Optical, Ship to Warehouse, Warehouse Pickup"
602,COLUMBUS,OH,US,10/4/13,40.052,-82.909,Easton OH,FALSE,2013,"Gas, Tires, Food, Hearing, Pharmacy, Optical, Photo Center, Ship to Warehouse, Warehouse Pickup"
603,FORT WAYNE,IN,US,10/16/13,41.125,-85.156,Fort Wayne,FALSE,2013,"Gas, Tires, Food, Hearing, Pharmacy, Optical, Ship to Warehouse, Warehouse Pickup"
604,BELLEVUE,WI,US,10/17/13,44.458,-87.989,Bellevue (Green Bay),FALSE,2013,"Gas, Tires, Food, Hearing, Pharmacy, Optical, Photo Center, Ship to Warehouse, Warehouse Pickup"
605,LUBBOCK,TX,US,11/15/13,33.563,-101.945,Lubbock TX,FALSE,2013,"Gas, Tires, Food, Hearing, Pharmacy, Optical, Ship to Warehouse, Warehouse Pickup"
606,NORTH PLAINFIELD,NJ,US,11/14/13,40.612,-74.46,North Plainfield,FALSE,2013,"Gas, Tires, Food, Hearing, Pharmacy, Optical, Ship to Warehouse, Warehouse Pickup"
607,KATY,TX,US,2/6/14,29.784,-95.787,W Katy,FALSE,2014,"Gas, Tires, Food, Hearing, Pharmacy, Optical, Ship to Warehouse, Warehouse Pickup"
610,BATON ROUGE,LA,US,4/25/14,30.42,-91.073,Baton Rouge,FALSE,2014,"Gas, Tires, Food, Hearing, Pharmacy, Optical, Ship to Warehouse, Warehouse Pickup"
611,FORT WORTH,TX,US,5/9/14,32.9,-97.321,N Fort Worth,FALSE,2014,"Gas, Tires, Food, Hearing, Pharmacy, Optical, Ship to Warehouse, Warehouse Pickup"
612,NORTH BRUNSWICK,NJ,US,7/24/14,40.436,-74.507,North Brunswick,FALSE,2014,"Gas, Tires, Food, Hearing, Pharmacy, Optical, Ship to Warehouse, Warehouse Pickup"
613,CUMMING,GA,US,8/29/14,34.212,-84.116,Cumming,FALSE,2014,"Gas, Tires, Food, Hearing, Pharmacy, Optical, Photo Center, Ship to Warehouse, Warehouse Pickup"
614,CAMILLUS,NY,US,10/24/14,43.057,-76.27,Syracuse,FALSE,2014,"Gas, Tires, Food, Hearing, Pharmacy, Optical, Ship to Warehouse, Warehouse Pickup"
615,WAYNE,NJ,US,9/28/91,40.891,-74.25,Wayne,FALSE,1991,"Gas, Tires, Food, Hearing, Pharmacy, Optical, Photo Center, Ship to Warehouse, Warehouse Pickup"
616,TIMNATH,CO,US,10/2/14,40.52,-104.989,Timnath,FALSE,2014,"Gas, Tires, Food, Hearing, Pharmacy, Optical, Ship to Warehouse, Warehouse Pickup"
617,GRANGER,IN,US,11/14/14,41.72,-86.173,Mishawaka,FALSE,2014,"Gas, Tires, Food, Hearing, Pharmacy, Optical, Photo Center, Ship to Warehouse, Warehouse Pickup"
618,CHARLOTTESVILLE,VA,US,7/30/15,38.067,-78.489,Charlottesville,FALSE,2015,"Gas, Tires, Food, Hearing, Pharmacy, Optical, Ship to Warehouse, Warehouse Pickup"
619,CENTERVILLE,OH,US,11/13/14,39.661,-84.109,Centerville,FALSE,2014,"Gas, Tires, Food, Hearing, Pharmacy, Optical, Photo Center, Ship to Warehouse, Warehouse Pickup"
621,CONROE,TX,US,11/21/14,30.208,-95.453,Woodlands,FALSE,2014,"Gas, Tires, Food, Hearing, Pharmacy, Optical, Ship to Warehouse, Warehouse Pickup"
622,LYNNWOOD,WA,US,10/1/15,47.834,-122.276,Lynnwood,FALSE,2015,"Gas, Tires, Food, Hearing, Pharmacy, Optical, Photo Center, Ship to Warehouse, Warehouse Pickup"
623,KALAMAZOO,MI,US,11/12/14,42.271,-85.648,Kalamazoo,FALSE,2014,"Gas, Tires, Food, Hearing, Pharmacy, Optical, Photo Center, Ship to Warehouse, Warehouse Pickup"
624,MOBILE,AL,US,6/4/15,30.647,-88.119,Mobile,FALSE,2015,"Gas, Tires, Food, Hearing, Pharmacy, Optical, Ship to Warehouse, Warehouse Pickup"
625,PERRYSBURG,OH,US,6/11/15,41.535,-83.636,Perrysburg,FALSE,2015,"Gas, Tires, Food, Hearing, Pharmacy, Optical, Ship to Warehouse, Warehouse Pickup"
626,ROCHESTER,NY,US,6/5/15,43.114,-77.614,Rochester NY,FALSE,2015,"Gas, Tires, Food, Hearing, Pharmacy, Optical, Ship to Warehouse, Warehouse Pickup"
627,NEW BRITAIN,CT,US,10/15/15,41.709,-72.766,New Britain,FALSE,2015,"Gas, Tires, Food, Hearing, Pharmacy, Optical, Ship to Warehouse, Warehouse Pickup"
628,FLORENCE,KY,US,11/11/15,38.988,-84.647,Florence,FALSE,2015,"Gas, Tires, Food, Hearing, Pharmacy, Optical, Ship to Warehouse, Warehouse Pickup"
629,PLEASANT PRAIRIE,WI,US,6/12/15,42.564,-87.921,Pleasant Prairie,FALSE,2015,"Gas, Tires, Food, Hearing, Pharmacy, Optical, Ship to Warehouse, Warehouse Pickup"
630,LAWRENCE TOWNSHIP,NJ,US,8/25/16,40.281,-74.672,Princeton,FALSE,2016,"Gas, Tires, Food, Hearing, Pharmacy, Optical, Photo Center, Ship to Warehouse, Warehouse Pickup"
631,WICHITA,KS,US,6/3/15,37.68,-97.225,Wichita,FALSE,2015,"Gas, Tires, Food, Hearing, Pharmacy, Optical, Ship to Warehouse, Warehouse Pickup"
632,LAFAYETTE,LA,US,3/17/16,30.156,-92.043,Lafayette,FALSE,2016,"Gas, Tires, Food, Hearing, Pharmacy, Optical, Ship to Warehouse, Warehouse Pickup"
633,TORRANCE,CA,US,9/24/98,33.808,-118.332,Torrance,FALSE,1998,"Gas, Tires, Food, Hearing, Pharmacy, Optical, Photo Center, Ship to Warehouse, Warehouse Pickup"
634,WOODLAND HILLS,CA,US,12/18/86,34.187,-118.603,Woodland Hills,FALSE,1986,"Gas, Tires, Food, Hearing, Pharmacy, Optical, Photo Center, Ship to Warehouse, Warehouse Pickup"
635,APEX,NC,US,3/16/16,35.747,-78.827,Apex,FALSE,2016,"Gas, Tires, Food, Hearing, Pharmacy, Optical, Ship to Warehouse, Warehouse Pickup"
636,TULSA,OK,US,4/21/16,36.016,-95.887,Tulsa,FALSE,2016,"Gas, Tires, Food, Hearing, Pharmacy, Optical, Ship to Warehouse, Warehouse Pickup"
637,CYPRESS,TX,US,7/19/19,29.978,-95.711,Cypress,FALSE,2019,"Gas, Tires, Food, Hearing, Pharmacy, Optical, Ship to Warehouse, Warehouse Pickup"
638,MENOMONEE FALLS,WI,US,11/5/15,43.183,-88.112,Menomonee Falls,FALSE,2015,"Gas, Tires, Food, Hearing, Pharmacy, Optical, Ship to Warehouse, Warehouse Pickup"
639,ALLENTOWN,PA,US,11/18/16,40.567,-75.558,Allentown,FALSE,2016,"Gas, Tires, Food, Hearing, Pharmacy, Optical, Ship to Warehouse, Warehouse Pickup"
640,NEW BERLIN,WI,US,11/6/15,42.945,-88.106,New Berlin,FALSE,2015,"Gas, Tires, Food, Hearing, Pharmacy, Optical, Ship to Warehouse, Warehouse Pickup"
642,TETERBORO,NJ,US,7/21/94,40.861,-74.064,Teterboro,FALSE,1994,"Gas, Tires, Food, Hearing, Pharmacy, Optical, Photo Center, Ship to Warehouse, Warehouse Pickup"
643,OCEANSIDE,NY,US,8/23/17,40.619,-73.653,Oceanside,FALSE,2017,"Gas, Tires, Food, Hearing, Pharmacy, Optical, Ship to Warehouse, Warehouse Pickup"
644,BELLINGHAM,WA,US,11/13/91,48.791,-122.515,Bellingham,FALSE,1991,"Gas, Tires, Food, Hearing, Pharmacy, Optical, Photo Center, Ship to Warehouse, Warehouse Pickup"
646,PEARLAND,TX,US,11/12/15,29.545,-95.391,Pearland,FALSE,2015,"Gas, Tires, Food, Hearing, Pharmacy, Optical, Ship to Warehouse, Warehouse Pickup"
647,GRAND CHUTE,WI,US,11/7/15,44.271,-88.488,Grand Chute,FALSE,2015,"Gas, Tires, Food, Hearing, Pharmacy, Optical, Ship to Warehouse, Warehouse Pickup"
648,REDMOND,WA,US,11/11/16,47.667,-122.093,Redmond,FALSE,2016,"Gas, Tires, Food, Hearing, Pharmacy, Optical, Photo Center, Ship to Warehouse, Warehouse Pickup"
649,BOSTON HEIGHTS,OH,US,6/22/16,41.263,-81.513,Boston Heights,FALSE,2016,"Gas, Tires, Food, Hearing, Pharmacy, Optical, Ship to Warehouse, Warehouse Pickup"
650,INDIANAPOLIS,IN,US,6/23/16,39.636,-86.089,S Indianapolis,FALSE,2016,"Gas, Tires, Food, Hearing, Pharmacy, Optical, Ship to Warehouse, Warehouse Pickup"
651,HUMBLE,TX,US,3/18/16,30.022,-95.268,Humble,FALSE,2016,"Gas, Tires, Food, Hearing, Pharmacy, Optical, Ship to Warehouse, Warehouse Pickup"
652,MIAMI,FL,US,10/26/89,25.775,-80.322,Miami,FALSE,1989,"Gas, Tires, Food, Hearing, Pharmacy, Optical, Ship to Warehouse, Warehouse Pickup"
653,COLUMBIA,SC,US,8/10/16,34.068,-81.139,Columbia,FALSE,2016,"Gas, Tires, Food, Hearing, Pharmacy, Optical, Ship to Warehouse, Warehouse Pickup"
655,ORLANDO,FL,US,9/18/86,28.496,-81.426,S Orlando,FALSE,1986,"Gas, Tires, Food, Hearing, Pharmacy, Optical, Ship to Warehouse, Warehouse Pickup"
656,FLEMINGTON,NJ,US,11/17/16,40.522,-74.853,Flemington,FALSE,2016,"Gas, Tires, Food, Hearing, Pharmacy, Optical, Ship to Warehouse, Warehouse Pickup"
657,LA VISTA,NE,US,10/26/16,41.178,-96.104,La Vista,FALSE,2016,"Gas, Tires, Food, Hearing, Pharmacy, Optical, Ship to Warehouse, Warehouse Pickup"
658,LOUISVILLE,KY,US,8/27/16,38.205,-85.666,Louisville,FALSE,2016,"Gas, Tires, Food, Hearing, Pharmacy, Optical, Ship to Warehouse, Warehouse Pickup"
659,PLAIN CITY,OH,US,8/11/16,40.11,-83.189,NW Columbus,FALSE,2016,"Gas, Tires, Food, Hearing, Pharmacy, Optical, Ship to Warehouse, Warehouse Pickup"
660,HANFORD,CA,US,10/27/16,36.326,-119.607,Hanford,FALSE,2016,"Gas, Tires, Food, Hearing, Pharmacy, Optical, Ship to Warehouse, Warehouse Pickup"
662,LUTZ,FL,US,2/8/17,28.191,-82.393,Wesley Chapel,FALSE,2017,"Gas, Tires, Food, Hearing, Pharmacy, Optical, Ship to Warehouse, Warehouse Pickup"
664,TAMPA,FL,US,2/9/17,28.044,-82.581,W Tampa,FALSE,2017,"Gas, Tires, Food, Hearing, Pharmacy, Optical, Ship to Warehouse, Warehouse Pickup"
667,DALLAS,TX,US,5/11/17,32.919,-96.768,Dallas,FALSE,2017,"Gas, Tires, Food, Hearing, Pharmacy, Optical, Ship to Warehouse, Warehouse Pickup"
668,SAN JOSE,CA,US,6/29/17,37.244,-121.785,Great Oaks,FALSE,2017,"Gas, Tires, Food, Hearing, Pharmacy, Optical, Ship to Warehouse, Warehouse Pickup"
669,KANSAS CITY,MO,US,5/18/17,39.255,-94.599,N Kansas City,FALSE,2017,"Gas, Tires, Food, Hearing, Pharmacy, Optical, Ship to Warehouse, Warehouse Pickup"
671,WOODBURY,MN,US,11/15/17,44.939,-92.964,Woodbury,FALSE,2017,"Gas, Tires, Food, Hearing, Pharmacy, Optical, Ship to Warehouse, Warehouse Pickup"
673,ELK GROVE,CA,US,9/27/18,38.409,-121.41,Elk Grove,FALSE,2018,"Gas, Tires, Food, Hearing, Pharmacy, Optical, Ship to Warehouse, Warehouse Pickup"
674,SANTA MARIA,CA,US,11/22/88,34.925,-120.419,Santa Maria,FALSE,1988,"Gas, Tires, Food, Hearing, Pharmacy, Optical, Photo Center, Ship to Warehouse, Warehouse Pickup"
675,EAST LANSING,MI,US,10/27/17,42.752,-84.448,East Lansing,FALSE,2017,"Gas, Tires, Food, Hearing, Pharmacy, Optical, Ship to Warehouse, Warehouse Pickup"
676,BONNEY LAKE,WA,US,5/30/18,47.166,-122.158,Bonney Lake,FALSE,2018,"Gas, Tires, Food, Hearing, Pharmacy, Optical, Ship to Warehouse, Warehouse Pickup"
677,TRAVERSE CITY,MI,US,10/26/17,44.736,-85.57,Traverse City,FALSE,2017,"Gas, Tires, Food, Hearing, Pharmacy, Optical, Ship to Warehouse, Warehouse Pickup"
678,MCKINNEY,TX,US,7/25/18,33.218,-96.664,McKinney,FALSE,2018,"Gas, Tires, Food, Hearing, Pharmacy, Optical, Ship to Warehouse, Warehouse Pickup"
679,LINCOLN,NE,US,10/28/17,40.74,-96.699,Lincoln,FALSE,2017,"Gas, Tires, Food, Hearing, Pharmacy, Optical, Ship to Warehouse, Warehouse Pickup"
680,CENTRAL POINT,OR,US,10/29/91,42.374,-122.887,Central Point,FALSE,1991,"Gas, Tires, Food, Hearing, Pharmacy, Optical, Photo Center, Ship to Warehouse, Warehouse Pickup"
681,JACKSONVILLE,FL,US,2/8/18,30.202,-81.756,W Jacksonville,FALSE,2018,"Gas, Tires, Food, Hearing, Pharmacy, Optical, Ship to Warehouse, Warehouse Pickup"
682,WOODSTOCK,GA,US,8/9/18,34.12,-84.516,Woodstock,FALSE,2018,"Gas, Tires, Food, Hearing, Pharmacy, Optical, Ship to Warehouse, Warehouse Pickup"
684,UKIAH,CA,US,7/19/18,39.127,-123.197,Ukiah,FALSE,2018,"Gas, Tires, Food, Hearing, Pharmacy, Optical, Ship to Warehouse, Warehouse Pickup"
685,SPOKANE,WA,US,10/16/92,47.767,-117.385,N Spokane,FALSE,1992,"Gas, Tires, Food, Hearing, Pharmacy, Optical, Ship to Warehouse, Warehouse Pickup"
687,EASTVALE,CA,US,6/28/18,33.986,-117.558,Eastvale,FALSE,2018,"Gas, Tires, Food, Hearing, Pharmacy, Optical, Ship to Warehouse, Warehouse Pickup"
688,MONTEREY PARK,CA,US,11/6/93,34.037,-118.104,Monterey Park,FALSE,1993,"Gas, Tires, Food, Hearing, Pharmacy, Optical, Ship to Warehouse, Warehouse Pickup"
689,MOUNT PLEASANT,SC,US,8/8/18,32.88,-79.794,Mt Pleasant,FALSE,2018,"Gas, Tires, Food, Hearing, Pharmacy, Optical, Ship to Warehouse, Warehouse Pickup"
690,HENDERSON,NV,US,11/8/18,35.988,-115.139,SW Henderson,FALSE,2018,"Gas, Tires, Food, Hearing, Pharmacy, Optical, Ship to Warehouse, Warehouse Pickup"
691,PFLUGERVILLE,TX,US,7/26/18,30.47,-97.59,Pflugerville,FALSE,2018,"Gas, Tires, Food, Hearing, Pharmacy, Optical, Ship to Warehouse, Warehouse Pickup"
692,CORAL SPRINGS,FL,US,2/7/19,26.288,-80.283,Coral Springs,FALSE,2019,"Gas, Tires, Food, Hearing, Pharmacy, Optical, Ship to Warehouse, Warehouse Pickup"
694,DAVENPORT,IA,US,10/20/18,41.575,-90.524,Davenport,FALSE,2018,"Gas, Tires, Food, Hearing, Pharmacy, Optical, Ship to Warehouse, Warehouse Pickup"
695,OWINGS MILLS,MD,US,10/18/18,39.404,-76.789,Owings Mills,FALSE,2018,"Gas, Tires, Food, Hearing, Pharmacy, Optical, Ship to Warehouse, Warehouse Pickup"
696,WEBSTER,TX,US,10/19/18,29.534,-95.137,Webster,FALSE,2018,"Gas, Tires, Food, Hearing, Pharmacy, Optical, Ship to Warehouse, Warehouse Pickup"
697,EVANSVILLE,IN,US,6/28/19,37.989,-87.464,Evansville,FALSE,2019,"Gas, Tires, Food, Hearing, Pharmacy, Optical, Ship to Warehouse, Warehouse Pickup"
698,N. MIAMI,FL,US,12/12/92,25.914,-80.154,N Miami,FALSE,1992,"Gas, Tires, Food, Hearing, Pharmacy, Optical, Ship to Warehouse, Warehouse Pickup"
699,MOORESVILLE,NC,US,6/26/19,35.582,-80.852,Mooresville,FALSE,2019,"Gas, Tires, Food, Hearing, Pharmacy, Optical, Ship to Warehouse, Warehouse Pickup"
700,BAYONNE,NJ,US,3/7/19,40.673,-74.105,Bayonne,FALSE,2019,"Gas, Tires, Food, Hearing, Pharmacy, Optical, Ship to Warehouse, Warehouse Pickup"
701,FAIRBANKS,AK,US,11/20/18,64.852,-147.708,Fairbanks,FALSE,2018,"Gas, Tires, Food, Hearing, Pharmacy, Optical, Ship to Warehouse, Warehouse Pickup"
702,SAINT CLOUD,MN,US,6/29/19,45.55,-94.203,St Cloud,FALSE,2019,"Gas, Tires, Food, Hearing, Pharmacy, Optical, Ship to Warehouse, Warehouse Pickup"
704,OKLAHOMA CITY,OK,US,5/16/19,35.605,-97.53,Oklahoma City,FALSE,2019,"Gas, Tires, Food, Hearing, Pharmacy, Optical, Ship to Warehouse, Warehouse Pickup"
705,LOVES PARK,IL,US,8/23/19,42.321,-88.962,Loves Park,FALSE,2019,"Gas, Tires, Food, Hearing, Pharmacy, Optical, Ship to Warehouse, Warehouse Pickup"
707,CLOVIS,CA,US,11/19/90,36.806,-119.701,Clovis,FALSE,1990,"Gas, Tires, Food, Hearing, Pharmacy, Optical, Ship to Warehouse, Warehouse Pickup"
708,SHARPSBURG,GA,US,8/22/19,33.4,-84.622,Sharpsburg,FALSE,2019,"Gas, Tires, Food, Hearing, Pharmacy, Optical, Ship to Warehouse, Warehouse Pickup"
709,EAGAN,MN,US,11/15/19,44.857,-93.129,Eagan,FALSE,2019,"Gas, Tires, Food, Hearing, Pharmacy, Optical, Ship to Warehouse, Warehouse Pickup"
710,BRADENTON,FL,US,8/21/19,27.496,-82.471,Bradenton,FALSE,2019,"Gas, Tires, Food, Hearing, Pharmacy, Optical, Ship to Warehouse, Warehouse Pickup"
711,RIDGELAND,MS,US,3/12/20,32.423,-90.147,Ridgeland,FALSE,2020,"Gas, Food, Hearing, Pharmacy, Optical, Ship to Warehouse, Warehouse Pickup"
712,EAST LYME,CT,US,11/14/19,41.359,-72.213,E Lyme,FALSE,2019,"Gas, Tires, Food, Hearing, Pharmacy, Optical, Ship to Warehouse, Warehouse Pickup"